entry_date,exit_date,strategy,pnl_price,profitable,Date,Close,High,Low,Open,Volume,prev_close,ret_1d,log_ret_1d,SMA_20,SMA_50,SMA_200,vol_20d,vol_20d_ann,Vol_SMA_20,OBV,VWAP,CMF_20,EMA_12,EMA_26,MACD,MACD_signal,MACD_hist,RSI_14
2021-09-21T00:00:00.000Z,2021-10-01T00:00:00.000Z,CloseSMA200,-8.229532593896693,0,2021-09-21T00:00:00.000Z,408.7430725097656,412.77743321287386,408.21521438159147,411.47662969483383,92526100,409.1295166015625,-0.0009445519722137696,-0.0009449983425299869,420.52180786320315,415.9652124040938,383.9688096630059,0.006035317429140724,0.09580769400504027,70603640,552192300,317.5301526460908,-0.1182729346309044,416.92944720628367,417.79475647948635,-0.8653092732026835,1.0560706306469199,-1.9213799038496033,33.86217123871269
2021-10-05T00:00:00.000Z,2021-10-07T00:00:00.000Z,CloseSMA200,8.1109500971329,1,2021-10-05T00:00:00.000Z,408.2433776855469,410.4961950035953,404.74631136954315,405.54750485664374,90682500,404.0394592285156,0.010404722511653475,0.010350965946283285,414.3270706195508,416.5276721198906,387.3924877941094,0.00951867379881372,0.1511042620968454,95199390,634401600,319.88174099735545,-0.17514084536648392,410.77242948634654,413.7333793148236,-2.9609498284770552,-1.8357101893834287,-1.1252396390936266,43.15427417273248
2021-12-02T00:00:00.000Z,2021-12-03T00:00:00.000Z,CloseSMA200,8.497232515370456,1,2021-12-02T00:00:00.000Z,431.1488037109375,432.72297140039274,424.46571783383473,424.8616257685235,127637800,424.6447448730469,0.01531647080628562,0.015200357793953005,438.4120651263867,427.0963397224297,403.0580409248848,0.009159442666084287,0.14540164465448072,72253835,1321626500,327.02599616339535,-0.14691499423185317,434.8704046331785,434.26766421495233,0.6027404182261762,2.87094023413188,-2.268199815905704,46.497026213997756
2022-01-19T00:00:00.000Z,2022-01-20T00:00:00.000Z,CloseSMA200,-8.667080625585072,0,2022-01-19T00:00:00.000Z,427.3190612792969,434.7539734256139,427.04473658825316,433.3540312792543,109357600,431.8027344,-0.010383614469077651,-0.010437900309608467,443.89727172976563,440.33560180876566,415.25404602174217,0.009708589346489306,0.1541190779523708,77602315,701363100,333.93068430781767,0.03174658781964049,439.2658155722956,440.6916521207365,-1.4258365484408841,0.825435322924696,-2.25127187136558,34.80458938847211
2022-01-25T00:00:00.000Z,2022-01-26T00:00:00.000Z,CloseSMA200,8.192797049574722,1,2022-01-25T00:00:00.000Z,410.9736022949219,415.93967913794035,404.0494653685355,409.6398524787366,167997300,416.0532531738281,-0.012209136306846613,-0.012284280064819304,438.24209442263674,438.47904236052347,415.902261506252,0.008524898490439518,0.13532856814663743,102726680,460498800,335.2436755964772,-0.0751966738105307,427.58643800736166,434.05954963401007,-6.473111626648404,-2.6187776177975026,-3.854334008850901,26.261847277208773
2022-01-31T00:00:00.000Z,2022-01-31T00:00:00.000Z,CloseSMA200,8.347550181381678,1,2022-01-31T00:00:00.000Z,425.5786437988281,425.92862939350965,416.0248511182764,417.37750906908354,152251400,418.0491027832031,0.01801114023567174,0.017850861325498932,431.1954772961719,436.41531677414844,416.4484625251953,0.011764414050638704,0.18675428339030425,124258390,440938200,336.3573526028267,0.026455220603121662,422.2250774610244,429.2549506108112,-7.029873149786795,-5.556173376420581,-1.4736997733662136,46.366644070488086
2023-03-10T00:00:00.000Z,2023-03-13T00:00:00.000Z,CloseSMA200,-7.51690320086567,0,2023-03-10T00:00:00.000Z,370.9619445800781,377.9311189281999,369.4335360708871,375.84516004328316,189253000,376.3930969238281,-0.01442946852144078,-0.014534585717888036,385.8307678228906,383.48143005414846,375.94341888344917,0.01000960209009922,0.15889750711868925,91552090,-2531497200,353.5968332240655,-0.06468376639814113,381.85391210798605,384.2007436643667,-2.346831556380664,-0.7669385573614081,-1.5798929990192558,35.08035454680798
2023-08-17T00:00:00.000Z,2023-08-30T00:00:00.000Z,CloseSMA200,8.54543162006388,1,2023-08-17T00:00:00.000Z,422.5549011230469,427.5330703308015,422.0318929109953,427.2715810031936,95711300,425.7994079589844,-0.007619801191104614,-0.007648980196184146,435.3727340691992,429.7564849843516,396.6867094417637,0.006312233190925368,0.10020359544381731,73450890,-1767855500,359.66228218879604,-0.22198478525634424,431.0281548497884,431.9920612361587,-0.9639063863702972,1.1390900659811922,-2.1029964523514897,34.927141323102674
2023-09-22T00:00:00.000Z,2023-09-27T00:00:00.000Z,CloseSMA200,-8.406262277363453,0,2023-09-22T00:00:00.000Z,418.3400879,421.9167999657982,417.9221334858743,420.3131138681717,100829700,419.28289794921875,-0.0022486251021212045,-0.0022511570558680807,431.03994903423825,432.8716833487344,403.4635816950879,0.007443503756700759,0.11816195893923144,74600210,-1784914200,361.2473227248768,-0.09350521082616514,427.66162885055286,429.6395975258778,-1.9779686753249166,-0.4085006964656863,-1.5694679788592303,33.16584142392513
2023-09-29T00:00:00.000Z,2023-10-03T00:00:00.000Z,CloseSMA200,-8.391100881213788,0,2023-09-29T00:00:00.000Z,415.4826354980469,419.72998517929483,413.9566909765415,419.55504406068815,115111300,416.4934387207031,-0.0024269367262087504,-0.002429886510738691,426.89754791306643,430.6638299556172,404.4127542108789,0.006875657456117714,0.10914767837372683,79449080,-1728355300,361.56137292456,-0.1676432193224066,420.9630036612753,425.25860788602284,-4.295604224747535,-2.671917759896323,-1.6236864648512124,34.56427539383169
2023-10-05T00:00:00.000Z,2023-10-09T00:00:00.000Z,CloseSMA200,8.24900254170609,1,2023-10-05T00:00:00.000Z,412.5862121582031,413.43179046208184,409.3496831914452,412.4501270853044,70142700,412.7418212890625,-0.00037701323886540905,-0.0003770843262243607,422.6626861576953,428.4695477286797,405.1244807428613,0.007533576575018944,0.11959182060217116,83945615,-1898604200,361.7712394081096,-0.1003995173763085,416.8436244120228,421.892462959322,-5.048838547299226,-3.9909882599856163,-1.05785028731361,34.732691420423336
2023-10-23T00:00:00.000Z,2023-10-27T00:00:00.000Z,CloseSMA200,-8.156670350332831,0,2023-10-23T00:00:00.000Z,408.659668,412.5377077081286,406.0743180295289,407.83351751664156,92035100,409.3691711425781,-0.0017331621250272766,-0.001734665788148903,416.67762145902344,424.2119403070547,408.2353903193242,0.008139981268826195,0.1292181966842287,92299920,-2170924100,362.4978963125775,-0.05285963547278493,416.4391750799745,419.330039356109,-2.8908642761344936,-2.3124172140414623,-0.5784470620930313,34.79698092039612
2024-04-16T00:00:00.000Z,2024-04-19T00:00:00.000Z,CloseSMA200,-9.885790074763008,0,2024-04-16T00:00:00.000Z,492.90924072265625,495.81659688850766,491.6170757880816,494.2895037381496,73484000,493.8098449707031,-0.0018237875514618418,-0.0018254526768428996,506.35550842191407,498.6098352065781,452.90988143959953,0.007288007533312007,0.11569353291785314,72878240,-946445100,372.7874895433426,-0.10158626869530575,502.25729245577634,502.3872763929346,-0.12998393715827206,2.305971377294632,-2.435955314452904,38.25781121867004
2024-04-23T00:00:00.000Z,2024-05-03T00:00:00.000Z,CloseSMA200,9.82392321356059,1,2024-04-23T00:00:00.000Z,494.9845275878906,495.4152492396772,488.9936189979829,491.1961606780303,64633600,489.1796569824219,0.011866541305656453,0.011796685988664405,501.52117462033203,499.0825421157578,454.45473297158196,0.007918492482674054,0.1257021712061399,76232075,-1066521500,373.26547188210003,-0.14081461905550166,495.29935355855935,498.34776360432807,-3.048410045768719,-1.0330938093221171,-2.015316236446602,46.06135936026436
2024-07-26T00:00:00.000Z,2024-07-31T00:00:00.000Z,CloseSMA200,10.651088488138498,1,2024-07-26T00:00:00.000Z,534.6756591796875,537.3763388802067,531.7785544219373,532.5544244069231,53763800,528.7538452148438,0.011199566714143794,0.011137315923560123,542.6427093491797,531.76655761725,485.32885208181455,0.008734419905663612,0.13865461750078897,48128860,-350518800,378.2509143409327,-0.16189449202217387,539.5268164799925,538.385340245961,1.1414762340315292,3.850277858630589,-2.70880162459906,46.42621296804032
2024-08-05T00:00:00.000Z,2024-08-05T00:00:00.000Z,CloseSMA200,10.049279948537503,1,2024-08-05T00:00:00.000Z,508.1010437011719,514.1898617,501.1185425419697,502.46399742687476,146267400,523.3427124023438,-0.029123685760725992,-0.02955619857848171,539.2501754745117,532.9826190180547,488.51901626632235,0.012089032402534585,0.1919074399710492,57641465,-597678400,378.93724247670843,-0.23337224003123483,531.152849448302,534.4316637328534,-3.278814284551345,0.2462206063728157,-3.5250348909241604,30.7849353447822
2024-08-07T00:00:00.000Z,2024-08-13T00:00:00.000Z,CloseSMA200,10.379842456853225,1,2024-08-07T00:00:00.000Z,509.3580627441406,522.0562223292172,508.7590171785257,518.9921228426584,70698300,512.7855224609375,-0.006684002505273456,-0.00670644048960469,535.50212402125,532.7627136221093,489.4667437750079,0.012022916052040625,0.190857875445036,62118150,-583550400,379.151130354506,-0.30008825957934243,525.4087923593659,531.0897137781396,-5.680921418773778,-1.6987853398358859,-3.9821360789378923,33.52610356970493
2024-12-19T00:00:00.000Z,2024-12-24T00:00:00.000Z,CloseSMA200,11.650711674065064,1,2024-12-19T00:00:00.000Z,577.3540649414062,584.1511257,577.1077954954964,582.5355837032507,85919500,577.5313720703125,-0.00030700865352240037,-0.00030705579032692064,592.2952056884766,582.2234692359062,540.9484959398497,0.008003256083731342,0.12704775165790716,43020060,179519900,387.03867557141183,-0.1427255946060552,589.9594661289747,588.4624745905385,1.4969915384361911,4.140078225970899,-2.6430866875347077,37.46647603412203
2025-01-13T00:00:00.000Z,2025-01-15T00:00:00.000Z,CloseSMA200,11.38174284146396,1,2025-01-13T00:00:00.000Z,574.6419067382812,574.9977137931114,568.6719735158341,569.0871420731995,47910100,573.7522583007812,0.0015505794088459535,0.0015493785018352317,585.6076782217187,585.4289807122656,546.4942619307326,0.010237185587311029,0.1625102831354381,58095135,255731400,388.5600329162117,-0.06270445173644136,581.9683460985857,584.5639238660561,-2.595577767470445,-1.0450557483219498,-1.5505220191484952,40.31777200520816
2025-02-28T00:00:00.000Z,2025-03-03T00:00:00.000Z,CloseSMA200,11.57527126210232,1,2025-02-28T00:00:00.000Z,587.2835083007812,587.8172189511107,575.6797809164046,578.7635631051176,88744100,578.2593383789062,0.015605748706408074,0.015485231236470342,595.2889190692579,590.919438477625,561.5142407215,0.008118278434196408,0.12887367486517523,46910410,284517100,391.49555584150943,0.08452227208151158,591.5795663477687,593.0735193035481,-1.4939529557793776,0.789049894790561,-2.2830028505699387,44.63967448609071
2025-03-05T00:00:00.000Z,2025-03-10T00:00:00.000Z,CloseSMA200,-11.399928424521704,0,2025-03-05T00:00:00.000Z,576.2924805,578.0913631561872,566.4283366011412,569.9964212260836,71230500,570.1644287109375,0.010747867598329908,0.010690519814360826,592.4383911167188,589.9776757829375,562.4275445547734,0.009358948064883561,0.14856869467710657,51372710,171850200,391.9411142919476,0.04972983588690845,584.8333634053135,589.2380725913654,-4.404709186051832,-1.4249323833434944,-2.979776802708338,39.6211585905082
2025-11-19T00:00:00.000Z,2025-11-20T00:00:00.000Z,CloseSMA200,13.17666540271216,1,2025-11-19T00:00:00.000Z,660.6777954101562,665.3739409367662,656.8092216159307,658.8332701356088,94703000,658.1353149414062,0.0038631576379948296,0.0038557148069217236,674.4171691867969,667.0287707508905,609.9399694828126,0.008418114388946614,0.1336334230874832,80350395,1238046200,416.9772940720685,0.05080678842579837,669.1410121744793,669.7297648450558,-0.5887526705764685,2.0958608312427813,-2.68461350181925,41.86757169877679
2021-01-05T00:00:00.000Z,2021-01-06T00:00:00.000Z,SMA20_50,6.8722533315354895,1,2021-01-05T00:00:00.000Z,346.6277770996094,347.71995701585035,343.5659756645781,343.61266657677504,66426200,344.25677490234375,0.0068873072953705705,0.006863698134853277,344.0885208142383,334.02910644625,300.37050285440915,0.006126452530394517,0.09725441888679763,64369410,226404400,282.93987270486645,0.07507044277140397,345.2932839341544,342.0621531021429,3.2311308320115018,3.6375642442535083,-0.4064334122420066,59.67040141054426
2021-01-08T00:00:00.000Z,2021-01-27T00:00:00.000Z,SMA20_50,-7.10543550164914,0,2021-01-08T00:00:00.000Z,355.8972168,356.1118981341495,352.0139516043895,355.2717750824561,71677200,353.8808594,0.005697842498231465,0.005681671192288171,345.60518646505864,336.17356323392187,302.37735534783593,0.006565787996416818,0.1042286531981517,68516420,474846100,283.5998252378491,0.15780700150293658,348.4178327165574,344.3191389702821,4.09869374627533,3.6863155516399866,0.41237819463534375,71.20169271752812
2021-01-29T00:00:00.000Z,2021-02-02T00:00:00.000Z,SMA20_50,7.012835126000027,1,2021-01-29T00:00:00.000Z,345.4516296386719,351.6125797804302,343.77135497049784,350.6417563,126765100,352.5086669921875,-0.02001947190045128,-0.020222576801091106,352.81999206902344,345.4965979023281,310.11684013491697,0.010314684177825776,0.16374053512019843,74039305,344381200,286.1384218895492,0.05148081626519587,352.77365597165357,350.5964179627925,2.1772380088610817,3.5054528230835924,-1.3282148142225108,43.093111998319955
2021-02-04T00:00:00.000Z,2021-02-09T00:00:00.000Z,SMA20_50,7.1496813581135825,1,2021-02-04T00:00:00.000Z,360.49920654296875,360.5458689619546,356.55993550525034,357.48406790567833,47142600,356.4479064941406,0.011365756327971877,0.011301651396247977,354.60619202019535,347.3986480732266,312.0749082959277,0.010943581335991902,0.17372396800465537,67873435,584219200,286.745144095177,0.10253487900277654,354.66788243310106,352.12071943419517,2.5471629989058897,2.745207935643883,-0.19804493673799328,61.092410668940914
2021-02-11T00:00:00.000Z,2021-02-23T00:00:00.000Z,SMA20_50,-7.304265553999983,0,2021-02-11T00:00:00.000Z,364.7185363769531,365.6333535,362.28217677979495,365.2132777,42913300,364.1303711,0.001615260147557418,0.001613957017958756,357.01689605962895,350.1592877217891,314.65638565191597,0.010403801817901584,0.16515523379861574,64639625,619462000,287.3780827135061,0.08057098937846349,359.99688816671943,355.91362150517284,4.083266661546588,3.4134912425420136,0.6697754190045746,64.84817764359249
2021-02-25T00:00:00.000Z,2021-02-25T00:00:00.000Z,SMA20_50,-7.288770639999996,0,2021-02-25T00:00:00.000Z,356.8960266113281,365.8107435,355.4491495573829,364.438532,146670500,365.7080383300781,-0.02409575616381865,-0.02439080820581092,360.76480102570315,354.12213318077346,319.0725181592402,0.010098307992731311,0.16030566966781742,68803390,494053000,289.23869619732795,0.0848887880947551,362.12663080558195,359.58537637115353,2.5412544344284242,3.4547492112852236,-0.9134947768567994,46.1871508152889
2021-03-01T00:00:00.000Z,2021-03-04T00:00:00.000Z,SMA20_50,-7.198782696929527,0,2021-03-01T00:00:00.000Z,363.6636962890625,364.9145796408334,355.2530939230072,359.9391348464769,105348800,355.05706787109375,0.024240127001480927,0.023950998151601018,361.80282440216797,354.84663452354687,320.0471020520625,0.01016582027052137,0.16137739385267344,70657750,446700200,289.86928355812154,0.17198852124138153,361.4428042849414,359.5768905694582,1.8659137154832024,2.870471778614823,-1.0045580631316207,55.715183281888486
2021-03-08T00:00:00.000Z,2021-03-11T00:00:00.000Z,SMA20_50,7.181418593096112,1,2021-03-08T00:00:00.000Z,356.3265075683594,361.89001729678296,356.0464761258364,359.07092965480655,123149200,358.1095275878906,-0.004978979563992847,-0.004991415980357631,361.6385314944531,356.0876202403828,322.2554116836446,0.010811514330867113,0.17162746929291164,89140225,92622100,291.38114920858607,-0.05373980575843149,358.5904469907912,358.5918865908565,-0.0014396000653391638,1.2735671822146069,-1.275006782279946,47.43322902087669
2021-03-15T00:00:00.000Z,2021-03-25T00:00:00.000Z,SMA20_50,-7.361954417839456,0,2021-03-15T00:00:00.000Z,370.03936767578125,370.3007399,365.9507366566855,368.0977208919714,73427200,367.8456726074219,0.005963628857748038,0.0059459168070177485,361.94470977783203,358.11438354648436,324.5127368179219,0.011535893841042382,0.18312663752543892,100204300,540480900,292.50965233524056,-0.06389984703702,363.2171412422539,361.08268746794016,2.1344537743137266,1.3255317338979975,0.8089220404157291,61.475082725436096
2021-03-29T00:00:00.000Z,2021-04-05T00:00:00.000Z,SMA20_50,7.387377896134183,1,2021-03-29T00:00:00.000Z,370.66131591796875,371.5697547729306,367.87980961613647,369.3688948067096,108107600,370.8486022949219,-0.0005050211212719313,-0.0005051486873892605,364.28615112257813,361.298579102375,328.4752919018692,0.009698169556099133,0.1539536689078559,105368530,343677600,294.97195407555245,-0.02879725545778141,366.66063091304704,364.41538469906646,2.245246213980579,2.0511902232196473,0.1940559907609316,59.07151341288951
2021-04-07T00:00:00.000Z,2021-04-15T00:00:00.000Z,SMA20_50,7.603530131825266,1,2021-04-07T00:00:00.000Z,380.7852478027344,381.1317607116918,379.71761420704763,380.17650659126247,55836300,380.34503173828125,0.001157412422192694,0.0011567431368115348,369.95495300167966,363.70481567345314,331.2024880989884,0.007464847061424439,0.1185007733979622,91690055,565332600,296.2724108240357,0.18288804587820423,373.4991210876845,369.0131335432906,4.485987544393879,3.2015791863852727,1.2844083580086063,68.66748314015082
2021-04-19T00:00:00.000Z,2021-05-12T00:00:00.000Z,SMA20_50,-7.796831248740318,0,2021-04-19T00:00:00.000Z,388.8581848144531,390.2910803620789,387.5283228451497,389.8415624370154,78498500,390.7780762,-0.004912996666077696,-0.0049251051096398345,377.70919800132816,368.9958068862031,335.2995634473419,0.0066081403281034665,0.10490097562067124,80678480,799664900,297.7597753132225,0.30358544825792716,383.91915472279703,377.378576835151,6.540577887646009,5.660153972175358,0.8804239154706508,70.76749896753336
2021-05-14T00:00:00.000Z,2021-06-01T00:00:00.000Z,SMA20_50,7.739702420770357,1,2021-05-14T00:00:00.000Z,390.1412353515625,390.9934845,386.9570261679269,386.98512103851886,82201600,384.2410888671875,0.015355324184016084,0.015238624320164732,389.48236389160155,379.4065338147891,344.1641729752422,0.009248580460981617,0.1468166632807708,80540745,726688900,302.00238244118344,0.0797384374267052,388.3787544914553,386.4385028632102,1.9402516282451074,3.306761959096985,-1.3665103308518773,54.89882879793361
2021-06-03T00:00:00.000Z,2021-06-24T00:00:00.000Z,SMA20_50,7.826612703507465,1,2021-06-03T00:00:00.000Z,392.1922302246094,393.3348025487419,389.86027032089925,391.3306351753736,58138800,393.6532287597656,-0.003711384610661561,-0.003718288886769017,390.00681457628906,386.0290802015703,349.52560836929496,0.008765882497692331,0.1391540706654458,73940335,585709400,304.13261271728845,0.02875953299428689,391.5074735243427,389.52238182570454,1.9850916986381435,1.9172141847269428,0.06787751391120067,55.52392679360645
2021-06-28T00:00:00.000Z,2021-07-09T00:00:00.000Z,SMA20_50,8.027358859283424,1,2021-06-28T00:00:00.000Z,401.6498107910156,401.81893148712265,400.1652591125572,401.3679429641706,53159600,400.8416748046875,0.002016097719185206,0.0020140681216320668,396.13436126537107,392.24777160582033,356.20359024144733,0.005685754685828802,0.09025855748653916,59067700,623696300,306.8309767069398,0.14133829582006077,397.5162166196519,395.12559985132685,2.39061676832506,2.0689569745048324,0.3216597938202277,63.93409297007948
2021-07-13T00:00:00.000Z,2021-07-19T00:00:00.000Z,SMA20_50,-8.197801202320193,0,2021-07-13T00:00:00.000Z,409.2793273925781,411.3934220558517,409.0162412036738,409.8900601160083,52911300,410.6793518066406,-0.0034090450564498997,-0.003414869090578626,401.74861297623045,395.58584106426565,361.1237916574785,0.006389443647533791,0.1014292734446151,65085970,809094200,308.58293731753764,0.2654045818343093,405.7111814228572,401.52400953870347,4.187171884153713,3.611392640541663,0.5757792436120499,66.16715037260568
2021-07-21T00:00:00.000Z,2021-07-26T00:00:00.000Z,SMA20_50,8.124512427285936,1,2021-07-21T00:00:00.000Z,408.3021240234375,408.44308660228415,404.97596917781965,406.2256213642959,64724400,405.0229187011719,0.008096345097658553,0.00806374553568266,405.0182540920117,397.3220416267891,364.0051838694707,0.006849458991282944,0.10873179063762,66856380,758569100,309.9466251835433,0.2564207362929338,405.77248441155837,403.147141954087,2.6253424574713904,3.2279881643584005,-0.6026457068870101,58.27785927096707
2021-07-28T00:00:00.000Z,2021-08-24T00:00:00.000Z,SMA20_50,8.262444830572406,1,2021-07-28T00:00:00.000Z,412.3235778808594,413.7047874183934,410.89539993579183,413.12224152861904,52472400,412.4927673339844,-0.0004101634416974198,-0.0004102475817301025,408.06161041525394,399.9338201908672,366.38466354476367,0.007173383381228838,0.11387393091393086,68527305,794063900,310.7235414891582,0.36062688916470614,409.5781791625386,406.1094682701453,3.4687108923932897,3.2760189801490913,0.19269191224419835,61.243896832753656
2021-08-26T00:00:00.000Z,2021-09-20T00:00:00.000Z,SMA20_50,-8.430257430795109,0,2021-08-26T00:00:00.000Z,419.3048400878906,421.74777094308087,419.21087459171173,421.5128715397554,57829600,421.7947998046875,-0.005903248968336827,-0.005920742020396183,416.4254577636719,409.65337158309376,376.68455062972464,0.005265112590185936,0.08358107123032274,56902995,1068469700,314.06496037130665,0.2135580521986663,417.9416626216476,415.06665116955986,2.8750114520877332,2.897177238241427,-0.02216578615369391,58.910846727568554
2021-09-22T00:00:00.000Z,2021-09-23T00:00:00.000Z,SMA20_50,8.220482744747585,1,2021-09-22T00:00:00.000Z,412.7302551269531,414.7757267973973,408.8561507112312,411.0241372373776,102350100,408.7430725097656,0.009754740533473472,0.009707470209932532,420.1127410907422,416.0342309587813,384.31355667228326,0.006504009337924138,0.10324794739793478,73783910,654542400,317.7805580170419,-0.0912801930903078,416.2834176556174,417.41960823115056,-1.136190575533135,0.617618389410909,-1.753808964944044,42.14659769526804
2021-09-27T00:00:00.000Z,2021-09-28T00:00:00.000Z,SMA20_50,-8.347921951105036,0,2021-09-27T00:00:00.000Z,417.2358703613281,418.56492185390914,416.5383211287495,417.39609755525214,61371100,418.4329833984375,-0.00286094329224873,-0.00286504361290006,419.5757568378125,416.6291827410078,385.43990112418754,0.006698516686781848,0.10633565583744668,74997285,731662100,318.2931522187561,-0.0750902035042161,416.8707603011199,417.4961628201481,-0.6254025190281709,-0.04261375204685649,-0.5827887669813144,49.62499654929172
2021-09-30T00:00:00.000Z,2021-10-01T00:00:00.000Z,SMA20_50,-8.21991657910172,0,2021-09-30T00:00:00.000Z,404.5107116699219,411.70278478161407,404.17135791481275,410.9958289550851,140506000,409.51593017578125,-0.012222280348681225,-0.012297586656091933,417.0330261249219,416.83375732496876,386.4525820934258,0.008223672808365182,0.13054675868699042,84841910,543049000,319.10998706825933,-0.21421334878999188,413.12585939404653,415.4364454929663,-2.310586098919771,-0.8991020629843681,-1.4114840359354028,34.55960220503488
2021-10-29T00:00:00.000Z,2021-11-03T00:00:00.000Z,SMA20_50,8.594132402839705,1,2021-10-29T00:00:00.000Z,432.89263916015625,433.1848452815996,429.41441402054215,429.7066201419855,70162400,432.0159912109375,0.002029202545863029,0.0020271464953357716,419.6956390380859,418.7898028571953,393.9354118355918,0.006730209732270052,0.10683876733735895,68971255,1110064200,322.72214521706593,0.17438188619540196,426.2027711462135,421.5892101024177,4.613561043795755,3.0458006320464226,1.5677604117493327,68.87454105594627
2021-11-05T00:00:00.000Z,2021-11-26T00:00:00.000Z,SMA20_50,-8.846941243418712,0,2021-11-05T00:00:00.000Z,441.6401062011719,443.6384304731289,440.1225211938107,442.34706217093657,66390600,440.1130371,0.003469720213775229,0.0034637146223995075,426.7152404780469,420.58968017634373,395.98651840270907,0.005178402877135012,0.08220459720840363,58461750,1379153700,323.47639303396915,0.33746114502383756,433.13604171185693,426.8577725282423,6.278269183614611,4.832113187169214,1.4461559964453974,76.76869874573443
2021-11-30T00:00:00.000Z,2021-12-01T00:00:00.000Z,SMA20_50,-8.709695892024229,0,2021-11-30T00:00:00.000Z,429.4143981933594,437.3982872450258,429.1693109652695,435.48479460121024,148559600,437.9355469,-0.01945754065172156,-0.019649330511488237,439.2943496722852,426.40993530348436,402.43414688191604,0.008261680979023245,0.13115011969108886,64345895,1325927900,326.39520242573246,-0.06778898430975339,437.52929834145255,435.30696730985164,2.222331031600902,4.040016162375457,-1.8176851307745547,42.37170984675333
2021-12-03T00:00:00.000Z,2021-12-03T00:00:00.000Z,SMA20_50,-8.656344226714452,0,2021-12-03T00:00:00.000Z,427.3972168,433.8823339250444,423.15548194038644,432.8172113357215,137331600,431.1488037109375,-0.008701373814903879,-0.008739451816235772,437.7762741113867,427.2893853767891,403.3746084603008,0.009228980706924943,0.14650552683081888,76478060,1184294900,327.3530778697779,-0.18903414963409818,433.72068342807415,433.7587421842151,-0.03805875614096976,2.2891404360773104,-2.32719919221828,42.69486025814211
2021-12-07T00:00:00.000Z,2021-12-20T00:00:00.000Z,SMA20_50,-8.755130620707064,0,2021-12-07T00:00:00.000Z,441.4044189453125,441.9699894291605,432.32710041618657,437.75653103535194,95484700,432.4590148925781,0.020684975326404897,0.020473946348764118,437.2865905786719,428.05327697835156,404.12889877402154,0.01079530433929487,0.17137014365418402,80361380,1378757100,327.843612631988,-0.08549200999028748,434.73855571012905,434.235944077929,0.5026116322000576,1.5438305235968641,-1.0412188913968066,57.392318163812426
2021-12-22T00:00:00.000Z,2021-12-23T00:00:00.000Z,SMA20_50,8.755240690779772,1,2021-12-22T00:00:00.000Z,442.39703369140625,442.5105393973741,437.5633706863754,437.7620345389874,58890200,438.0174255371094,0.009998707583211974,0.009949051231767165,436.5515472441797,434.7015631117891,408.5396417246172,0.013109292366296337,0.20810356479154538,100059920,1168275100,330.37706932841195,0.05556797010110569,437.97948194379234,436.88978864250214,1.0896933012901968,1.261808447124184,-0.17211514583398713,55.13016322498122
2021-12-28T00:00:00.000Z,2022-01-06T00:00:00.000Z,SMA20_50,-9.037691461999998,0,2021-12-28T00:00:00.000Z,451.0805358886719,452.91562165597793,450.31434355839286,451.8845731,47274600,451.4494934082031,-0.000817273083519976,-0.0008176072332399519,438.2824325578711,436.70338989401563,409.75186065772266,0.012145295061833459,0.19280058199867303,95046205,1234248800,330.81025911540445,0.07760070324264473,442.53832442784204,439.4641230510443,3.0742013767977596,1.8553106904669663,1.2188906863307933,61.37157194070334
2022-01-10T00:00:00.000Z,2022-01-12T00:00:00.000Z,SMA20_50,8.753537986564936,1,2022-01-10T00:00:00.000Z,440.3349304199219,440.5524733976893,431.90678546000674,437.6768993282456,119362000,440.8835144042969,-0.0012442832776731194,-0.0012450580408606045,443.7569839493164,440.20984741354687,413.3520722971738,0.009632235576189052,0.15290699942511107,83255510,773803500,332.6575938160045,0.07529277511840185,444.5146000563757,442.75023256746124,1.764367488914445,2.8156580053150506,-1.0512905164006057,47.101741866353024
2022-01-14T00:00:00.000Z,2022-01-19T00:00:00.000Z,SMA20_50,-8.7249722573427,0,2022-01-14T00:00:00.000Z,439.58770751953125,439.93769311285763,435.0283686395281,436.2486128671345,95890900,439.4079284667969,0.0004091393010627886,0.00040905562640123526,444.2099014282227,440.78822876120313,414.76301117054294,0.00916998908390057,0.14556906384706753,78781300,920429800,333.4560449595024,0.1452189682623624,443.18981059220033,442.5581573870958,0.6316532051045556,1.8161932813512331,-1.1845400762466776,46.26915801232983
2022-01-21T00:00:00.000Z,2022-01-24T00:00:00.000Z,SMA20_50,-8.42927636180491,0,2022-01-21T00:00:00.000Z,414.29376220703125,423.8286164,414.26538578156715,421.46381809024535,202271200,422.5895080566406,-0.019630742579859528,-0.01982598500042548,441.72071228152345,439.4218054220469,415.6215725720351,0.009392424020471137,0.14910010899741638,87400035,376712200,334.55011501387014,-0.20507098491721443,433.25308094009864,437.49467920092184,-4.241598260823196,-0.744124687057109,-3.4974735737660865,26.542352944970446
2022-04-04T00:00:00.000Z,2022-04-06T00:00:00.000Z,SMA20_50,-8.599121231870868,0,2022-04-04T00:00:00.000Z,433.4383544921875,433.5427439373771,429.13055970631194,429.9560615935425,59601000,429.7568359,0.008566515491202464,0.008530031111969235,418.51812896541014,417.02214904610156,422.15938217213096,0.012505632909998215,0.19852076800392163,95834520,127043200,343.8031883492778,0.27410167816533426,427.3894561934941,421.9351703005258,5.454285892968301,3.6858858610123453,1.7684000319559554,59.8689419803585
2022-04-08T00:00:00.000Z,2022-04-12T00:00:00.000Z,SMA20_50,-8.501198536390746,0,2022-04-08T00:00:00.000Z,424.6803894042969,427.58389261830564,423.13374620427055,425.05992681953586,79272700,425.8189392089844,-0.0026737885515437654,-0.0026773695087254565,423.7326461773242,418.1673309308672,422.72267105152537,0.011427118067215403,0.18139987564815016,89190015,-55244800,344.3389319374182,0.3413315800638501,426.4135844376449,422.87044246696394,3.5431419706809493,3.945933419970387,-0.4027914492894378,51.80486899547939
2022-04-14T00:00:00.000Z,2022-04-22T00:00:00.000Z,SMA20_50,-8.417317672987565,0,2022-04-14T00:00:00.000Z,415.4004821777344,421.9855579085776,415.29609275770144,420.8658836493783,97869500,420.63824462890625,-0.012451940635575642,-0.012530115680285257,425.8569641094531,417.46007385153905,423.0365399174922,0.010557141988581322,0.16758943354430444,84014715,-253178000,344.8311640979518,0.10497741106067066,421.96852533457024,421.39935053462426,0.5691747999459835,2.4082575210433514,-1.839082721097368,44.70352090863485
2022-04-26T00:00:00.000Z,2022-04-26T00:00:00.000Z,SMA20_50,-8.08104388269146,0,2022-04-26T00:00:00.000Z,394.8198242,404.2514752,394.79135963669034,404.05219413457274,103996300,406.5951232910156,-0.02896074846079144,-0.02938838767754627,420.87736816125,415.66364440805467,423.1835690311524,0.01277829797506879,0.20284919172427354,88586775,-376816600,345.6450537761357,-0.13939356537476474,412.9101247688778,416.7916696322622,-3.88154486338442,-0.8539889169370651,-3.0275559464473547,32.944645604082666
2022-04-28T00:00:00.000Z,2022-04-29T00:00:00.000Z,SMA20_50,-8.013865059688612,0,2022-04-28T00:00:00.000Z,405.9309387207031,407.66736507678297,396.24310664725425,400.69325298442976,105449100,395.9300231933594,0.02525930073875604,0.024945556927748858,417.31108550744136,414.95581909067187,423.0970271305176,0.014009883091212648,0.22239999933862503,91648310,-149337500,345.87857824893916,-0.15793716746743244,409.6259764143574,414.5563310984222,-4.93035468406481,-2.324393609904284,-2.6059610741605255,43.34243416374491
2022-08-02T00:00:00.000Z,2022-08-08T00:00:00.000Z,SMA20_50,7.797474368063888,1,2022-08-02T00:00:00.000Z,388.86358642578125,393.5711957915866,387.6819291877356,389.8737184031951,63435400,391.4460754394531,-0.006597304649874625,-0.006619163054942091,374.2785491929297,372.9788128651484,410.28555206275394,0.012314643404578926,0.19548890359774565,70745180,-726378700,348.9430653131939,0.26463967938393274,381.43758831285123,376.2050859461497,5.23250236670151,2.6662790415017703,2.56622332519974,61.898097052024475
2022-08-10T00:00:00.000Z,2022-08-12T00:00:00.000Z,SMA20_50,7.981584605390651,1,2022-08-10T00:00:00.000Z,400.2322998046875,400.3752665840471,397.11614167304344,399.07923026953097,68665700,391.99884033203125,0.02100378528079916,0.020786246600532767,382.9323577879297,374.85338989151563,409.3943112180274,0.012128731356692833,0.19253764133112167,67025935,-791181800,349.2042560743445,0.3493988376756289,390.1587821789321,383.1692653976737,6.989516781258374,5.581088824661645,1.4084279565967286,67.93115460266749
2022-08-16T00:00:00.000Z,2022-08-22T00:00:00.000Z,SMA20_50,-8.15216478100399,0,2022-08-16T00:00:00.000Z,409.4855651855469,411.4200664046575,406.79821992098886,407.60823905019834,59289000,408.6850586,0.0019587370976787977,0.0019568212734925637,390.9557769773828,376.04075073148437,408.9258666990156,0.01040213711510054,0.16512880746090536,63228270,-616150000,349.4272773483435,0.296033503526211,398.33866123047227,389.38593097209014,8.952730258382132,7.205479123524467,1.7472511348576658,73.53417445640463
2022-08-24T00:00:00.000Z,2022-08-29T00:00:00.000Z,SMA20_50,-7.8544603277021,0,2022-08-24T00:00:00.000Z,394.20965576171875,395.5818868105569,392.0369154016521,392.72301638510424,49177800,392.95172119140625,0.003201244586735763,0.003196131512511757,397.6217102053906,378.3546112056172,407.8056898496972,0.010447942071638811,0.1658559386037917,61164125,-776330100,349.72813890572866,0.14152462933389506,398.17418907361446,392.9002624678795,5.273926605734971,7.0172442413796645,-1.7433176356446936,51.92238773185398
2022-08-31T00:00:00.000Z,2022-09-01T00:00:00.000Z,SMA20_50,-7.622319833999995,0,2022-08-31T00:00:00.000Z,376.5894470214844,382.3643626848254,376.4560482,381.1159917,76029700,379.4769287109375,-0.007609109990590834,-0.00763820696336741,396.16844482125,381.4994836408281,406.44860305726763,0.012394975756937033,0.19676414015717983,62107045,-1055527700,349.95703902555914,-0.10624539877937665,389.8381417232055,390.16924014746667,-0.33109842426114255,3.4814225369723197,-3.8125209612334623,37.14419440759835
2022-09-06T00:00:00.000Z,2022-09-09T00:00:00.000Z,SMA20_50,7.492718277324116,1,2022-09-06T00:00:00.000Z,372.3774108886719,375.57933179810465,370.1474954520454,374.6359138662064,76637400,373.7877502441406,-0.0037731021269359344,-0.0037802382325917345,393.25191344917965,382.20257324043746,405.44717147767767,0.01258963264987558,0.19985422253537938,67039645,-1153057100,350.0626446252611,-0.12126586136165968,383.7332868885895,386.940403636008,-3.2071167474185245,0.6094168722732073,-3.816533619691732,34.68597859721004
2022-09-13T00:00:00.000Z,2022-09-13T00:00:00.000Z,SMA20_50,-7.65853187042444,0,2022-09-13T00:00:00.000Z,374.6072998046875,384.1368671918231,373.48281783266907,382.9265935212206,122947100,391.63665771484375,-0.04348254325711143,-0.0444562396223814,388.56050872474606,384.1229736310625,403.97229843080277,0.015646150662848673,0.24837494177607594,73632955,-978255100,350.2808111669848,-0.11021570113489508,383.198018816874,385.6367790619825,-2.438760245108483,-1.5049562346036733,-0.9338040105048098,41.27856449358125
2022-09-15T00:00:00.000Z,2022-09-16T00:00:00.000Z,SMA20_50,-7.48947699082396,0,2022-09-15T00:00:00.000Z,371.7674560546875,377.3327195866275,370.4904975908934,374.4738495411969,87633800,376.0367431640625,-0.01135337752755805,-0.011418319123726504,385.14748992591797,384.49481628292966,403.35849807667387,0.015761248280808875,0.25020205981778765,76123210,-980865200,350.3486722635735,-0.1221325314333631,380.50723363238467,383.9509831260567,-3.443749493672044,-2.1046228793942547,-1.3391266142777893,39.75395451288672
2022-11-14T00:00:00.000Z,2022-11-30T00:00:00.000Z,SMA20_50,7.591051389108202,1,2022-11-14T00:00:00.000Z,378.0789794921875,382.9207458842393,377.8014786416533,379.55256945541026,71903500,381.32281494140625,-0.00850679613732841,-0.00854318544550397,364.16131591671876,361.7190624985625,387.03911407333203,0.018280778083384106,0.29019835548836603,94256645,-1893012300,350.82282994870627,0.025149173445752186,368.3061265908779,364.37894450880736,3.9271820820705443,1.793992869198584,2.1331892128719603,59.54681661507334
2022-12-02T00:00:00.000Z,2022-12-06T00:00:00.000Z,SMA20_50,-7.698030211999992,0,2022-12-02T00:00:00.000Z,389.36053466796875,390.2695449532932,384.7962687221607,384.9015106,85342700,389.81024169921875,-0.0011536562746266021,-0.001154322248278989,377.83549041794925,363.9288024889844,384.3147541798301,0.016436167908536158,0.26091607675732376,80411405,-1940363900,351.28133917435446,0.30300523349872,382.75388234310975,376.45191720194333,6.30196514116642,5.577986233250677,0.7239789079157433,62.909955075898175
2022-12-08T00:00:00.000Z,2022-12-13T00:00:00.000Z,SMA20_50,7.56196321345908,1,2022-12-08T00:00:00.000Z,379.15069580078125,380.22238704457504,376.30878671257267,378.0981606729528,60737900,376.20355224609375,0.007833906769598054,0.0078033810421194874,381.20320129441404,366.1611828610156,383.739332884664,0.016619528472167536,0.2638268354670753,77761360,-2100815900,351.4004350865,0.2365674010308921,380.6588790213655,377.00692378418375,3.6519552371817667,4.893134408018085,-1.2411791708363182,52.3506621130497
2022-12-15T00:00:00.000Z,2022-12-16T00:00:00.000Z,SMA20_50,-7.545888192031725,0,2022-12-15T00:00:00.000Z,372.8258361816406,378.20344918024006,371.16088916537103,377.2944096015872,117705900,382.1744079589844,-0.024461532699874167,-0.02476568627755937,381.2496200569336,368.87085388183596,382.96198593039645,0.012696503106227108,0.20155073843541613,79638910,-2208892500,351.6202963621079,0.06979305117889718,379.84771922330674,377.7770397493069,2.07067947399986,3.434768211714433,-1.3640887377145732,45.623225415003304
2022-12-20T00:00:00.000Z,2022-12-21T00:00:00.000Z,SMA20_50,7.290812821517363,1,2022-12-20T00:00:00.000Z,365.7998962402344,367.42443690305714,363.2140903016816,364.54064107586714,74427200,365.3000488,0.0013683202120458038,0.0013673849150377753,379.5378936761328,369.88652526799217,382.37114913826366,0.012970527981740476,0.20590074847733894,82413975,-2334201400,351.6832235715593,-0.007484565893027331,374.5344358610702,375.4401179570226,-0.9056820959523861,1.6920271777956022,-2.5977092737479883,40.47140047253409
2022-12-23T00:00:00.000Z,2023-01-06T00:00:00.000Z,SMA20_50,7.298887205203073,1,2022-12-23T00:00:00.000Z,368.0780944824219,368.22227840834165,363.3871151892416,364.9443602601523,59857300,365.97296142578125,0.005752154608469784,0.0057356741357663995,377.1691665643164,371.3193475336172,381.8952310169258,0.013353199101965738,0.21197546418559418,86359455,-2296297600,351.73920228096097,-0.013259493031328114,372.06700783393836,373.98059638643406,-1.9135885524956961,0.07723734199275699,-1.9908258944884532,44.23564586597425
2023-01-30T00:00:00.000Z,2023-02-01T00:00:00.000Z,SMA20_50,7.743953830871703,1,2023-01-30T00:00:00.000Z,385.07330322265625,389.4374563543724,384.7753132953742,387.1976915435842,74202000,389.9660949707031,-0.012546710627277635,-0.012626085226670962,378.25166015499997,377.41098998967186,376.6803095997519,0.010154905985530777,0.1612041349497343,78633025,-2164849700,352.36234421983653,0.2164282779632022,382.9398514079569,379.14007485201995,3.799776555936944,2.680106675175283,1.119669880761661,57.258472030973955
2023-02-03T00:00:00.000Z,2023-02-21T00:00:00.000Z,SMA20_50,-7.91294412000002,0,2023-02-03T00:00:00.000Z,396.3777770996094,400.81881836953994,395.16657335854075,395.647206,94736800,400.63616943359375,-0.010629076101652868,-0.010685968230675398,384.0202133166211,378.82065856858594,376.22404449355076,0.010616336946309052,0.16852912436640377,81777265,-1969661000,352.59795100425976,0.26461364836130624,389.35350919554,383.5731989683106,5.7803102272294495,4.162630548127366,1.6176796791020838,63.70278421927749
2023-02-23T00:00:00.000Z,2023-03-01T00:00:00.000Z,SMA20_50,-7.720114550000005,0,2023-02-23T00:00:00.000Z,385.1405944824219,386.6209513962091,380.9014105944118,386.0057275,96242400,383.1026916503906,0.005319468843332897,0.005305370444174738,392.2688385026953,381.3961077880234,375.6446080006777,0.01057038800081704,0.1677997074697386,80983220,-2220883500,353.1635220008937,0.14747363667048496,389.7228605893547,388.3346546650561,1.3882059242985747,3.373943300676669,-1.9857373763780943,46.40594963083019
2023-03-03T00:00:00.000Z,2023-03-09T00:00:00.000Z,SMA20_50,-7.684547293344792,0,2023-03-03T00:00:00.000Z,388.5338439941406,388.7837823723887,383.5737112700418,384.22736466723944,90120000,382.4010009765625,0.016037727416811975,0.01591048175113057,389.48261261220705,382.18698852582816,375.80669174097454,0.009531093306899434,0.15130141567564873,83746780,-2269530800,353.390649164873,0.06331286333261732,385.47007647610155,386.24596960289375,-0.775893126792198,0.4157754982478437,-1.1916686250400417,52.871487531882046
2023-03-13T00:00:00.000Z,2023-03-13T00:00:00.000Z,SMA20_50,7.340414940761491,1,2023-03-13T00:00:00.000Z,370.4332275390625,375.2684207554977,365.9056756325139,367.0207470380733,157790000,370.9619445800781,-0.0014252595144608193,-0.0014262761629093357,384.740690613418,383.6486901859844,375.92685684121284,0.009946777372845812,0.15790019565044647,95903105,-2689287200,353.63398618642486,-0.09274319736674859,380.09688371276707,383.18092765508493,-3.0840439423178623,-1.230359634352699,-1.8536843079651633,34.66814205253688
2023-04-14T00:00:00.000Z,2023-04-26T00:00:00.000Z,SMA20_50,-7.966688738410085,0,2023-04-14T00:00:00.000Z,397.9967041015625,400.5344854544586,395.6808681891024,398.33443692050383,78161500,398.9713134765625,-0.0024428056406046172,-0.0024457941582073095,388.86454620205075,387.4401269534375,377.50067199621094,0.008465431360891992,0.13438455673084373,84825400,-2095880100,354.54653244269196,0.2053513737720266,393.5195761648901,389.5810194510714,3.9385567138186843,2.938114080339277,1.0004426334794072,62.67133021488597
2023-04-28T00:00:00.000Z,2023-05-19T00:00:00.000Z,SMA20_50,7.941213836034024,1,2023-04-28T00:00:00.000Z,401.3450012207031,401.3546599841194,397.00279811610284,397.0606918017015,89433100,397.9484558105469,0.008535139062766595,0.008498920703262204,396.4378433200976,387.7115032946484,379.1394927968985,0.007959321674073754,0.1263503145261927,75392155,-1954974100,354.97539488805035,0.28243134094962813,396.38763638215215,393.6456765438474,2.7419598383047514,3.0888453390317228,-0.34688550072697133,61.36644416433728
2023-05-23T00:00:00.000Z,2023-06-02T00:00:00.000Z,SMA20_50,8.049094475476522,1,2023-05-23T00:00:00.000Z,399.5695801,404.0372299202996,399.1739535415065,402.4547237738255,86383500,404.1047668457031,-0.01122279942675053,-0.011286250217227544,398.2422668457031,393.15145751803124,380.65207672025394,0.008899180932123107,0.1412701177113943,79336225,-2211689100,355.73255044118713,0.0739604913740563,400.05305378779576,397.8347097432022,2.2183440445935503,1.9989550649134342,0.21938897968011606,52.96019733744571
2023-06-06T00:00:00.000Z,2023-06-13T00:00:00.000Z,SMA20_50,8.234167896758436,1,2023-06-06T00:00:00.000Z,413.02069091796875,413.5513928288073,411.05221735044984,411.70839483792156,64022200,412.1233215332031,0.002177429273905629,0.002175062110382179,402.63706055078126,398.0213934317422,380.8033953849297,0.007385960044906115,0.11724848083368622,80009480,-1975853800,356.2266430612312,0.17150967826895608,406.45600724255917,402.51360353326237,3.942403709296798,2.867415518157034,1.0749881911397638,65.9849783189683
2023-06-15T00:00:00.000Z,2023-06-16T00:00:00.000Z,SMA20_50,8.420592364000015,1,2023-06-15T00:00:00.000Z,427.07977294921875,428.3341753075594,420.93314838794436,421.0296182,110303100,421.8498535,0.01239758507873634,0.012321364342976667,409.8658645661133,402.06774841252343,381.6849551385977,0.007182035732739121,0.1140112827360436,86544710,-1530612300,356.72201150758866,0.1950484631157756,415.8629568145593,409.47822001494103,6.384736799618281,4.856883262656583,1.5278535369616977,76.99774661004955
2023-06-21T00:00:00.000Z,2023-07-12T00:00:00.000Z,SMA20_50,8.44857938126188,1,2023-06-21T00:00:00.000Z,421.24737548828125,423.2328262923549,420.65656392245774,422.4289690630937,76982300,423.4168395996094,-0.005123707676292777,-0.005136878875982541,412.7515884418164,403.8056317133047,382.3672140497305,0.007499313559753049,0.11904791209680655,86824340,-1797920800,356.95404042797503,0.10161800059959501,418.74996902410544,412.3314475843018,6.418521439803612,5.695252386228242,0.7232690535753701,64.6441947905636
2023-07-14T00:00:00.000Z,2023-08-16T00:00:00.000Z,SMA20_50,-8.725963182830924,0,2023-07-14T00:00:00.000Z,435.13592529296875,437.15043046608764,434.3707875167091,436.29815914154455,69815800,435.4071044921875,-0.0006228175801932245,-0.0006230116116306331,426.1365463256836,413.17644104035156,386.81192901555085,0.006397095322641257,0.1015507400212996,77676000,-1541862000,357.9855096473779,0.13015696196039309,428.8522928039624,423.46427950411373,5.388013299848694,5.110410143625568,0.27760315622312604,70.90200264534883
2023-08-18T00:00:00.000Z,2023-08-23T00:00:00.000Z,SMA20_50,8.394536666452268,1,2023-08-18T00:00:00.000Z,422.7583008,423.7946226099103,419.3781808700758,419.7268333226135,98852000,422.5549011230469,0.0004813568045536343,0.0004812409895310649,434.6134185794141,429.97979919371096,396.9527345273066,0.006320242159568757,0.10033073387954843,74829710,-1669003500,359.7384720123157,-0.13569121775733398,429.7558696113594,431.3080789816284,-1.5522093702689972,0.6008301787311544,-2.1530395490001517,35.35171068673368
2023-08-25T00:00:00.000Z,2023-08-29T00:00:00.000Z,SMA20_50,8.497393040770646,1,2023-08-25T00:00:00.000Z,426.1190490722656,427.4071655617542,421.30551135792575,424.86965203853134,102325100,423.1360168457031,0.007049818752843828,0.007025084958427921,430.87590332156253,430.72998474089843,398.56710342379097,0.007249681937701759,0.11508513294885427,76855855,-1583029900,360.0571852056531,-0.13187325284661483,427.4222466501663,429.4973500658171,-2.0751034156508013,-1.1406625286259977,-0.9344408870248035,45.08144603237737
2023-11-21T00:00:00.000Z,2023-12-12T00:00:00.000Z,SMA20_50,8.809227761467582,1,2023-11-21T00:00:00.000Z,440.5488586425781,441.384738,439.2756264779716,440.4613880733794,49244600,441.51104736328125,-0.002179308369404054,-0.002181686517662349,422.5072845474609,420.8103375257266,412.1730244444081,0.009314935728715225,0.14787002050038422,81917060,-1456824300,363.6437658757231,0.20951450215997475,432.29153117328343,426.0333665532579,6.258164620025525,3.858335813036884,2.399828806988641,70.32800615683027
2023-12-14T00:00:00.000Z,2024-01-19T00:00:00.000Z,SMA20_50,9.184782337990043,1,2023-12-14T00:00:00.000Z,458.76287841796875,460.4346071833905,456.0803293229431,459.2391168995005,119026000,457.2952575683594,0.0032093506882475697,0.0032042117145710367,444.8287506101953,428.72815490828907,416.7250152585389,0.004448012986806559,0.07061001714885468,70499395,-965818400,364.72927430535293,0.3488172388925099,448.55235727331245,441.45149492391556,7.100862349396891,6.3463877572587,0.754474592138191,79.78894132039133
2024-01-23T00:00:00.000Z,2024-02-02T00:00:00.000Z,SMA20_50,9.446668044000035,1,2024-01-23T00:00:00.000Z,473.1628723144531,473.4068411336017,471.2404266096584,472.3334022,49945300,471.7869873046875,0.002916326746581266,0.0029120825154424356,463.8808517435742,452.5073516841953,426.7317649838028,0.005810219865589872,0.0922343809617476,80698875,-846422600,366.9915604717309,0.20199334113287915,466.2507764728432,461.293537618371,4.957238854472223,4.707696931260599,0.24954192321162427,70.50130524776422
2024-02-06T00:00:00.000Z,2024-02-12T00:00:00.000Z,SMA20_50,9.632278843076733,1,2024-02-06T00:00:00.000Z,482.0628662109375,482.3946602218278,480.1794043465866,481.6139421538367,55918600,480.6673583984375,0.00290327143734026,0.0028990650843105327,472.02453918582034,461.0444421384844,430.759373474168,0.006922434104107035,0.10989023464019655,77561410,-720799600,367.96771251733765,0.2599332754250598,476.47857787071695,470.4102176977261,6.068360172990822,5.7494053735681545,0.31895479942266736,67.02989150240957
2024-02-14T00:00:00.000Z,2024-02-22T00:00:00.000Z,SMA20_50,9.696102367588935,1,2024-02-14T00:00:00.000Z,486.54217529296875,487.03011296285007,482.47276202236384,484.8051183794454,68387800,482.1604309082031,0.009087731186302683,0.009046686240123752,478.8829925554297,466.26485595684375,433.4687022400841,0.007741709376464175,0.12289582639596676,77651455,-635133800,368.51853908117295,0.2704408819395811,482.7265845066789,476.3396367066544,6.386947800024473,6.385812035601927,0.0011357644225453711,64.16067404765423
2024-02-26T00:00:00.000Z,2024-03-20T00:00:00.000Z,SMA20_50,9.920747620651468,1,2024-02-26T00:00:00.000Z,493.7831115722656,496.4765368105967,493.65624302388784,496.03738103257336,50386700,495.5982971191406,-0.0036626145760114692,-0.00366933837157959,485.1661560089844,472.4564373782422,436.7538533024396,0.008831270355435102,0.14019207072754966,72498680,-574089400,369.1265427345846,0.21914975495571684,488.59776039144134,482.32874654416617,6.2690138472751755,6.145751410171961,0.1232624371032145,65.5944452152981
2024-03-22T00:00:00.000Z,2024-04-12T00:00:00.000Z,SMA20_50,-10.221945786759534,0,2024-03-22T00:00:00.000Z,510.2163086,511.5867430006875,509.9813206475284,511.0972893379752,79070800,511.1854248046875,-0.00189582127670751,-0.0018976206203797769,500.9547988930664,487.7873431421485,446.09931304975396,0.005955503496651965,0.09454068710590015,70995160,-565061300,371.08078376441733,0.04629070762665881,504.36245921521953,498.32901570443636,6.033443510783172,5.773488618827615,0.259954891955557,67.93300314722066
2024-04-16T00:00:00.000Z,2024-04-19T00:00:00.000Z,SMA20_50,-9.885790074763008,0,2024-04-16T00:00:00.000Z,492.90924072265625,495.81659688850766,491.6170757880816,494.2895037381496,73484000,493.8098449707031,-0.0018237875514618418,-0.0018254526768428996,506.35550842191407,498.6098352065781,452.90988143959953,0.007288007533312007,0.11569353291785314,72878240,-946445100,372.7874895433426,-0.10158626869530575,502.25729245577634,502.3872763929346,-0.12998393715827206,2.305971377294632,-2.435955314452904,38.25781121867004
2024-04-23T00:00:00.000Z,2024-05-03T00:00:00.000Z,SMA20_50,9.82392321356059,1,2024-04-23T00:00:00.000Z,494.9845275878906,495.4152492396772,488.9936189979829,491.1961606780303,64633600,489.1796569824219,0.011866541305656453,0.011796685988664405,501.52117462033203,499.0825421157578,454.45473297158196,0.007918492482674054,0.1257021712061399,76232075,-1066521500,373.26547188210003,-0.14081461905550166,495.29935355855935,498.34776360432807,-3.048410045768719,-1.0330938093221171,-2.015316236446602,46.06135936026436
2024-05-21T00:00:00.000Z,2024-05-31T00:00:00.000Z,SMA20_50,-10.36232274612513,0,2024-05-21T00:00:00.000Z,520.1522216796875,520.3088803,517.9105452430766,518.1161373062547,33437000,518.8796387,0.0024525590999791014,0.002449556485300887,505.6707595818945,503.99724365171875,461.3117031865666,0.0065894606220895215,0.10460444448061107,55047310,-631618700,374.77704478344066,0.20216181999737035,512.797783461528,507.2575298591859,5.540253602342034,3.698021220282088,1.842232382059946,70.45598991617092
2024-06-04T00:00:00.000Z,2024-06-11T00:00:00.000Z,SMA20_50,10.307111780326977,1,2024-06-04T00:00:00.000Z,517.244873,517.9888521983294,513.8872279798754,515.3555890163468,34632700,516.6672363,0.0011180052835100263,0.0011173807810244268,514.7192886311914,505.99644225861715,465.1593023683204,0.005035586767070332,0.079937461745735,48593010,-578972900,375.4352098011966,0.28044434810781943,515.4608549977988,511.7625816687277,3.698273329071128,4.190533250662182,-0.4922599215910539,59.15056374538336
2024-06-13T00:00:00.000Z,2024-07-05T00:00:00.000Z,SMA20_50,10.633870957434056,1,2024-06-13T00:00:00.000Z,531.0083008,531.869744,528.2086401164571,531.6935478717044,44760900,529.9412841796875,0.002013461966761554,0.0020114376689913714,520.1243164078126,508.2387255863125,468.6626734929473,0.005122209162252814,0.08131254963946465,46467135,-425313800,375.90750196967326,0.27605901646792363,523.2379247576686,517.7828707192506,5.455054038417984,4.700270648730292,0.7547833896876917,72.84152825525122
2024-07-09T00:00:00.000Z,2024-07-24T00:00:00.000Z,SMA20_50,-10.92567591625209,0,2024-07-09T00:00:00.000Z,545.8516845703125,547.1872793408481,545.5570769,546.2837958126063,27289700,545.3212280273438,0.0009727414149778291,0.0009722686086349882,535.5967773442187,521.088583373586,477.02649627740243,0.0034172923349218907,0.05424783405246341,45183345,-214408600,377.1112654286651,0.26728952078408363,539.2640541750635,532.7347908628705,6.529263312193052,6.124859823798922,0.4044034883941299,77.95435796492583
2024-07-26T00:00:00.000Z,2024-07-31T00:00:00.000Z,SMA20_50,10.651088488138498,1,2024-07-26T00:00:00.000Z,534.6756591796875,537.3763388802067,531.7785544219373,532.5544244069231,53763800,528.7538452148438,0.011199566714143794,0.011137315923560123,542.6427093491797,531.76655761725,485.32885208181455,0.008734419905663612,0.13865461750078897,48128860,-350518800,378.2509143409327,-0.16189449202217387,539.5268164799925,538.385340245961,1.1414762340315292,3.850277858630589,-2.70880162459906,46.42621296804032
2024-08-02T00:00:00.000Z,2024-08-05T00:00:00.000Z,SMA20_50,-10.522831500255279,0,2024-08-02T00:00:00.000Z,523.3427124023438,527.3593266038325,519.1197829332602,526.1415750127649,82789100,533.2714233398438,-0.018618494265672747,-0.018794000282452948,541.1111846908203,533.1936889640313,488.0974255375626,0.010496845251081546,0.16663225251054672,52133620,-451411000,378.74422684003224,-0.2656003116412991,535.3440868568712,536.538113335388,-1.1940264785167756,1.1274793291038558,-2.3215058076206314,38.8085323297068
2024-08-07T00:00:00.000Z,2024-08-13T00:00:00.000Z,SMA20_50,10.379842456853225,1,2024-08-07T00:00:00.000Z,509.3580627441406,522.0562223292172,508.7590171785257,518.9921228426584,70698300,512.7855224609375,-0.006684002505273456,-0.00670644048960469,535.50212402125,532.7627136221093,489.4667437750079,0.012022916052040625,0.190857875445036,62118150,-583550400,379.151130354506,-0.30008825957934243,525.4087923593659,531.0897137781396,-5.680921418773778,-1.6987853398358859,-3.9821360789378923,33.52610356970493
2024-09-04T00:00:00.000Z,2024-09-13T00:00:00.000Z,SMA20_50,10.806649631875416,1,2024-09-04T00:00:00.000Z,541.0690307617188,544.4865997200234,539.6057626718821,540.3324815937721,47224900,542.1787719726562,-0.0020468178916335233,-0.0020489154861256472,540.711982722832,539.2030358857344,501.38053817713086,0.00991787460864277,0.15744137849274495,48105625,-241203000,380.6132478336123,0.21058398827399952,545.3056955339096,541.661374187922,3.644321345987578,3.8422123822668723,-0.1978910362792945,49.643370237515654
2024-09-17T00:00:00.000Z,2024-09-26T00:00:00.000Z,SMA20_50,11.099303608271384,1,2024-09-17T00:00:00.000Z,552.9716186523438,556.4186780878246,550.7324806,554.9651804135709,49321000,552.7457275390625,0.0004086709349830908,0.00040858745176054414,546.5184448181251,540.1839245574218,506.0248645013906,0.008540943859415513,0.13558328048266596,47137545,-24764900,381.3353216758116,0.14234344842510327,546.6290718430525,543.5760262853363,3.0530455577162456,2.326707745528692,0.7263378121875537,59.786484051916524
2024-09-30T00:00:00.000Z,2024-10-14T00:00:00.000Z,SMA20_50,11.238159904712347,1,2024-09-30T00:00:00.000Z,565.1981811523438,565.8089245059994,559.6029471264981,561.9079952356186,63557400,562.9423217773438,0.0040072655540939195,0.003999257851016601,551.4817565899218,542.5966455043125,511.2098904413633,0.008584080808499945,0.13626805832023872,52249415,36289100,382.22514115719787,0.16207338414903477,558.7355634765812,552.5841106401623,6.151452836418912,5.131062579343926,1.020390257074986,66.50241222357678
2024-10-16T00:00:00.000Z,2024-11-04T00:00:00.000Z,SMA20_50,-11.422568473791216,0,2024-10-16T00:00:00.000Z,573.6107788085938,574.1328988912752,570.3206527,571.1284236895626,30725400,571.1282958984375,0.004346629168934912,0.004337209861329735,564.6723358160547,551.1237103248984,517.5039839167832,0.006639759006586109,0.10540290658096872,48177210,40025800,383.1889376477463,0.2536102235312732,567.6720348232512,561.6566277029617,6.015407120289524,5.521957479278369,0.4934496410111544,64.3371641916559
2024-11-06T00:00:00.000Z,2024-11-26T00:00:00.000Z,SMA20_50,11.608156550150511,1,2024-11-06T00:00:00.000Z,582.2203369140625,583.0970705492409,576.6546836514896,580.4078275075276,68182000,568.0943603515625,0.02486554619862491,0.02456142954588622,570.956436151914,560.7142529261874,525.5197540275391,0.008746726778429071,0.13884998304931487,42389290,66177500,384.3787275064633,0.0010162774570790147,569.769243908018,567.4820238003439,2.287220107674102,2.799630464101664,-0.5124103564275617,64.8183212014782
2024-11-29T00:00:00.000Z,2024-12-18T00:00:00.000Z,SMA20_50,-11.814232876884148,0,2024-11-29T00:00:00.000Z,593.5585327148438,594.3465828189082,590.4358533637491,590.7116438442056,30177400,589.8941040039062,0.006212011081421442,0.006192796075412505,582.7734436028907,573.4872094705312,533.9417779530547,0.007488995647926749,0.11888412032435526,45088030,392594900,385.7827231992509,0.2237301205231313,586.532640250185,581.1988845554927,5.333755694692286,4.87367626017229,0.46007943451999633,66.48959459717736
2024-12-20T00:00:00.000Z,2024-12-20T00:00:00.000Z,SMA20_50,11.500350053456486,1,2024-12-20T00:00:00.000Z,584.2886352539062,588.8352196171104,574.1674387147792,575.0175026728227,125716700,577.3540649414062,0.01201094914470513,0.01193939011969519,592.2690826416016,582.5585852027031,541.3579872116193,0.00838163858338699,0.13305438762519411,46968380,305236600,387.2785308463117,-0.11081453410710247,589.0870306097333,588.1533013063435,0.9337293033898959,3.4988084414546985,-2.5650791380648026,46.08957890510144
2024-12-24T00:00:00.000Z,2025-01-02T00:00:00.000Z,SMA20_50,-11.782832604502346,0,2024-12-24T00:00:00.000Z,594.3208008,594.3603751171399,588.5584517113257,589.1416302251183,33160100,587.7875366210938,0.011115009713310364,0.011053691939568393,592.6126434335547,583.2701147440937,542.276926878461,0.008788982146847597,0.13952076622767187,47474785,396032500,387.4564470848973,-0.039361386847709894,589.7230611256911,588.5850663795876,1.137994746103459,2.588580484820541,-1.450585738717082,56.01303522202163
2025-01-06T00:00:00.000Z,2025-01-10T00:00:00.000Z,SMA20_50,-11.78698479344132,0,2025-01-06T00:00:00.000Z,588.4497680664062,592.7394211491448,586.7101863614566,589.3492396720658,47679400,585.0793457,0.0057606244198791234,0.00574409547069173,589.295532225625,584.8971264640312,545.1204389937521,0.009713313458530827,0.15419407090613563,53254310,294014700,388.13814048531475,-0.10660285734417721,586.1385418214226,586.9595243843626,-0.8209825629400029,0.18671039533464895,-1.0076929582746519,51.55614097093752
2025-01-14T00:00:00.000Z,2025-01-17T00:00:00.000Z,SMA20_50,11.551548269135424,1,2025-01-14T00:00:00.000Z,575.4326172,578.2099995586356,571.6371609030458,577.5774134567713,48420600,574.6419067382812,0.0013760055652864978,0.0013750597371723968,584.6137054440235,585.5105358882969,546.8107502730802,0.010234551436336174,0.16246846728506653,58938975,304152000,388.6476076868132,-0.028684545138056117,580.9628493449571,583.8875307796816,-2.924681434724448,-1.4209808856024495,-1.5037005491219986,41.22233080929431
2025-02-05T00:00:00.000Z,2025-02-19T00:00:00.000Z,SMA20_50,11.87336888599998,1,2025-02-05T00:00:00.000Z,597.2068481445312,597.3551312,591.6323569254649,593.6684443,30653100,594.7952270507812,0.004054540090558056,0.004046342593468234,590.452713014414,590.3174572757031,553.7069505296621,0.008590919902378381,0.13637662556981092,49484890,380942300,390.05377482066814,0.22527091226493298,594.1868056805603,591.6015441090518,2.585261571508454,2.364862518886815,0.22039905262163906,55.631626116254516
2025-02-21T00:00:00.000Z,2025-02-24T00:00:00.000Z,SMA20_50,-12.061558221754808,0,2025-02-21T00:00:00.000Z,592.9765625,603.2163006,592.5119863702242,603.0779110877393,76519800,603.2954102,-0.01710413758423779,-0.017252102986261633,597.9323700007423,591.8706311047031,559.5464239490703,0.007407381232930747,0.11758853165149061,42439995,335651800,390.9076301625343,0.25508932266011186,599.2485382918093,596.4224703888477,2.8260679029615403,3.0663700475557563,-0.24030214459421595,46.59382093701485
2025-02-26T00:00:00.000Z,2025-02-28T00:00:00.000Z,SMA20_50,-11.780260818451211,0,2025-02-26T00:00:00.000Z,587.6391602,592.6206996,584.9902741209554,589.0130409225576,43321600,587.3427734,0.0005046232173493426,0.0005044959378705851,596.6538848903516,591.4186975108281,560.7817883289218,0.006508680399635289,0.10332209820381281,42586305,269969700,391.19666559266,0.10402426628096843,594.9245458893938,594.7589107281585,0.16563516123528643,1.9937638525193522,-1.8281286912840657,41.884038222242495
2025-03-04T00:00:00.000Z,2025-03-07T00:00:00.000Z,SMA20_50,-11.45962770479241,0,2025-03-04T00:00:00.000Z,570.1644287109375,578.5954508037184,565.6079510021611,572.9813852396189,109648200,576.9942626953125,-0.011836918364613869,-0.011907532471571593,593.3635284442578,590.0024536143437,562.1391098011992,0.009120419639901211,0.14478217331836724,49484075,100619700,391.81761025899556,0.02866006624104341,586.3862512062797,590.2737199586746,-3.887468752394966,-0.6799881826664098,-3.207480569728556,33.614502657483044
2025-05-15T00:00:00.000Z,2025-06-04T00:00:00.000Z,SMA20_50,11.610090478905704,1,2025-05-15T00:00:00.000Z,585.3622436523438,585.8677897044162,580.0484736048338,580.5045239452851,71268100,582.5170288085938,0.004884346213138491,0.004872456494125475,552.4870208716796,548.59239746225,566.552082213949,0.012410975236382049,0.19701812401948784,64158865,505448300,397.5810978777861,0.2153520574278951,566.7369074447596,556.6220698574416,10.114837587317993,5.5639366589149555,4.5509009284030375,67.92872500866412
2025-06-06T00:00:00.000Z,2025-06-26T00:00:00.000Z,SMA20_50,11.869827762681439,1,2025-06-06T00:00:00.000Z,593.9672852,595.6426968087642,591.7069406984755,593.4913881340742,66588700,587.9298095703125,0.01026904152742314,0.010216673130838362,583.6382446273437,556.5166320807656,570.8217706295231,0.010371760805847846,0.16464659850072164,70602240,514435700,399.43650620656837,0.22764925507991382,585.9978844907681,577.1223717977316,8.875512693036512,9.139564884945315,-0.264052191908803,65.07233537790742
2025-06-30T00:00:00.000Z,2025-07-21T00:00:00.000Z,SMA20_50,12.277183730292109,1,2025-06-30T00:00:00.000Z,614.3264770507812,615.6886593072754,611.5325044540273,613.8591865146053,92502500,611.4032592773438,0.004781161580480697,0.004769768128973852,597.0490997270703,576.503828121875,574.8746820063046,0.0062619566932742565,0.09940548078636031,74770510,836367600,401.50920086975145,0.11909763958135397,602.1053227659687,593.6013114014253,8.50401136454343,7.6533880833616665,0.8506232811817638,71.82745566180063
2025-07-23T00:00:00.000Z,2025-08-13T00:00:00.000Z,SMA20_50,12.558966726994527,1,2025-07-23T00:00:00.000Z,630.5932006835938,630.5932006835938,626.1387083,627.9483363497261,70511000,625.2737426757812,0.008507406668075479,0.008471422627178921,618.8674743621094,600.8528381328906,579.9680200192656,0.004305838433312224,0.06835306608100872,68591245,1073811800,403.56416216490874,0.32303397673906076,622.2682934973496,614.0203170148242,8.247976482525473,8.521184825598475,-0.27320834307300146,74.12415174566735
2025-08-15T00:00:00.000Z,2025-08-20T00:00:00.000Z,SMA20_50,-12.846120289506644,0,2025-08-15T00:00:00.000Z,639.7705688476562,642.4054806038605,638.8558324502803,642.3060144753327,68592500,641.2719727,-0.0023412903046772238,-0.002344035410385893,631.2325500502344,617.0968334955312,585.2636389163749,0.0067448535376025765,0.10707123054030396,70842805,878789400,406.01406714635107,0.04418661454148954,634.3540227031987,628.1076453921467,6.246377311052015,5.9044246069701325,0.3419527040818826,65.66252787187972
2025-08-22T00:00:00.000Z,2025-09-05T00:00:00.000Z,SMA20_50,12.682460237788064,1,2025-08-22T00:00:00.000Z,641.6299438476562,642.8131599802851,633.6159105915494,634.1230118894028,84083200,631.9255981445312,0.015356785247534033,0.015240063286831808,633.1575103767578,621.3643945308125,586.9863372808046,0.007547217282816014,0.11980836012539883,71804310,705620900,406.7042078497559,0.06163276250994674,635.7547902115263,630.8762728407096,4.878517370816667,5.444120412554195,-0.5656030417375284,63.29723370115234
2025-09-09T00:00:00.000Z,2025-09-18T00:00:00.000Z,SMA20_50,12.905379732423967,1,2025-09-09T00:00:00.000Z,646.6212768554688,647.1482228,643.5289666240282,645.2689866211995,66133900,645.1298828,0.002311773326939548,0.002309105290121695,640.6162323051173,630.9710522482187,590.3495532233907,0.005881441696503796,0.0933649924768492,65689335,839411300,408.18113800551816,0.3408385490965967,642.1481742382332,637.7278288352979,4.420345402935254,4.5313763598987435,-0.1110309569634893,61.8398847851115
2025-09-22T00:00:00.000Z,2025-10-24T00:00:00.000Z,SMA20_50,13.204980441777366,1,2025-09-22T00:00:00.000Z,664.8753662109375,665.3239917254978,660.2190812650523,660.2490220888672,69452200,661.7446289,0.004731035469289324,0.004719879293986574,648.8578979503125,637.8917309599688,593.4342642218945,0.004460609712467314,0.07080998396944706,71260390,1073108300,409.70015636301594,0.31911801002822476,654.8105878936426,647.6034659512259,7.207121942416734,6.13204420548007,1.075077736936664,74.79516819458739
2025-10-28T00:00:00.000Z,2025-11-06T00:00:00.000Z,SMA20_50,-13.70051572653847,0,2025-10-28T00:00:00.000Z,685.0357666015625,686.8802917495992,682.8123561492805,685.0257863269245,61738100,683.2211303710938,0.0026560013292959983,0.002652480390799007,667.6307128895312,656.7258337414844,603.432962036961,0.00883355994872867,0.1402284168942992,76632905,1186129600,414.05442941276465,0.08712642366633978,671.728493500238,665.832872448013,5.89562105222501,4.385078525649666,1.5105425265753443,68.89320065944526
2025-11-10T00:00:00.000Z,2025-11-14T00:00:00.000Z,SMA20_50,-13.504894694724044,0,2025-11-10T00:00:00.000Z,679.432373,680.1701831536659,673.0412846911101,675.2447347362015,75842900,668.9931641,0.01560435810139249,0.015483861998486616,672.626956173164,663.4489648435,607.3316387945704,0.007580244973522443,0.12033265846132667,78033185,1427305400,415.65576023130944,0.13570858240651315,674.6163038851313,670.9380016309334,3.678302254197888,4.660367649057629,-0.9820653948597409,57.803712390490794
2025-11-18T00:00:00.000Z,2025-11-20T00:00:00.000Z,SMA20_50,13.202986446282239,1,2025-11-18T00:00:00.000Z,658.1353149414062,663.1604443809363,653.9277160969795,660.1493223141129,114467500,663.7088012695312,-0.008397487448507768,-0.008432944988599554,674.674905391289,666.7850256337031,609.6105566410156,0.008423014225046833,0.13371120557420013,79643445,1143343200,416.78233063458356,0.05874658142473662,670.6797788589017,670.4539223998478,0.22585645905394358,2.767014206697594,-2.54115774764365,39.251391620882465
2025-11-24T00:00:00.000Z,2025-11-25T00:00:00.000Z,SMA20_50,13.214751652083578,1,2025-11-24T00:00:00.000Z,666.7597656,668.0858642133718,659.6408477705503,660.7375826041805,80437900,657.0883789,0.014718547779205116,0.014611281212616362,671.727117915703,667.2242553694064,610.8608160402734,0.009257270933026708,0.14695462024761324,88669735,1277146800,417.7290290634558,-0.055221319214672555,665.1642193796985,667.4283419903185,-2.2641226106200065,-0.05599717953054094,-2.208125431089466,49.52409861580737
2021-09-21T00:00:00.000Z,2021-10-01T00:00:00.000Z,RSI40,-8.229532593896693,0,2021-09-21T00:00:00.000Z,408.7430725097656,412.77743321287386,408.21521438159147,411.47662969483383,92526100,409.1295166015625,-0.0009445519722137696,-0.0009449983425299869,420.52180786320315,415.9652124040938,383.9688096630059,0.006035317429140724,0.09580769400504027,70603640,552192300,317.5301526460908,-0.1182729346309044,416.92944720628367,417.79475647948635,-0.8653092732026835,1.0560706306469199,-1.9213799038496033,33.86217123871269
2021-10-05T00:00:00.000Z,2021-10-07T00:00:00.000Z,RSI40,8.1109500971329,1,2021-10-05T00:00:00.000Z,408.2433776855469,410.4961950035953,404.74631136954315,405.54750485664374,90682500,404.0394592285156,0.010404722511653475,0.010350965946283285,414.3270706195508,416.5276721198906,387.3924877941094,0.00951867379881372,0.1511042620968454,95199390,634401600,319.88174099735545,-0.17514084536648392,410.77242948634654,413.7333793148236,-2.9609498284770552,-1.8357101893834287,-1.1252396390936266,43.15427417273248
2021-12-02T00:00:00.000Z,2021-12-03T00:00:00.000Z,RSI40,8.497232515370456,1,2021-12-02T00:00:00.000Z,431.1488037109375,432.72297140039274,424.46571783383473,424.8616257685235,127637800,424.6447448730469,0.01531647080628562,0.015200357793953005,438.4120651263867,427.0963397224297,403.0580409248848,0.009159442666084287,0.14540164465448072,72253835,1321626500,327.02599616339535,-0.14691499423185317,434.8704046331785,434.26766421495233,0.6027404182261762,2.87094023413188,-2.268199815905704,46.497026213997756
2022-01-19T00:00:00.000Z,2022-01-20T00:00:00.000Z,RSI40,-8.667080625585072,0,2022-01-19T00:00:00.000Z,427.3190612792969,434.7539734256139,427.04473658825316,433.3540312792543,109357600,431.8027344,-0.010383614469077651,-0.010437900309608467,443.89727172976563,440.33560180876566,415.25404602174217,0.009708589346489306,0.1541190779523708,77602315,701363100,333.93068430781767,0.03174658781964049,439.2658155722956,440.6916521207365,-1.4258365484408841,0.825435322924696,-2.25127187136558,34.80458938847211
2022-01-24T00:00:00.000Z,2022-01-24T00:00:00.000Z,RSI40,-8.173312475326952,0,2022-01-24T00:00:00.000Z,416.0532531738281,416.56405781580486,398.0051207847814,408.66562376634613,251783900,414.29376220703125,0.004246964659626373,0.00423797175791593,440.2658889783008,439.0026342794688,415.7749674999043,0.009297663446375202,0.14759583151850705,97167245,628496100,334.967391701149,-0.06505412516954931,430.60695359144165,435.9064254211371,-5.299471829695449,-1.6551941155847771,-3.6442777141106717,29.05750434142621
2022-01-26T00:00:00.000Z,2022-01-26T00:00:00.000Z,RSI40,-8.337712841659425,0,2022-01-26T00:00:00.000Z,409.9425964355469,420.02610174271774,405.66702183195844,416.8856420829711,186391100,410.9736022949219,-0.0025086911996725636,-0.0025118432382046627,436.1851974499805,437.86884643723437,416.0186878978535,0.0084931958746741,0.13482530472328424,109682505,274107700,335.5541589736943,-0.09594033688674755,424.87200084246706,432.27310865634615,-7.4011078138790936,-3.575243657013821,-3.8258641568652725,25.720938109881317
2022-01-28T00:00:00.000Z,2022-01-28T00:00:00.000Z,RSI40,8.185608224199768,1,2022-01-28T00:00:00.000Z,418.0491027832031,418.0963872077387,404.68325664580124,409.28041120998864,164457400,407.9183349609375,0.02483528430570736,0.024531901438691866,432.3802368176563,436.72919189621877,416.27445968720116,0.010716692225699662,0.1701222150385235,119907690,288686800,336.07417241758674,-0.051583864055007464,421.61533812687827,429.54905515576985,-7.933717028891579,-5.187748433079028,-2.745968595812551,38.483981996693714
2022-02-22T00:00:00.000Z,2022-02-23T00:00:00.000Z,RSI40,-8.170662648114046,0,2022-02-22T00:00:00.000Z,406.3385925292969,411.9478874905425,402.82921086642835,408.53313240570213,124391800,410.7466125488281,-0.010731725800921188,-0.01078972610574339,419.7351913427148,431.8902648927031,418.77842849793944,0.013956868039856758,0.221558411488839,125250510,168741500,339.33239457509853,0.0516566485001181,417.6061004602661,422.5567905448402,-4.950690084574148,-3.92569699355446,-1.0249930910196885,36.0885162893125
2022-02-25T00:00:00.000Z,2022-03-02T00:00:00.000Z,RSI40,8.127529295973432,1,2022-02-25T00:00:00.000Z,414.0762634277344,414.1613927191471,404.7211056644664,406.3764647986721,121804500,405.1373291015625,0.022063961239994656,0.02182407420674828,419.21067962396484,429.8515020746953,419.0750669866153,0.01548865622054282,0.24587479501277937,123453445,371910900,339.9498083317081,0.1969465134644879,413.4048265437941,419.2461424636367,-5.8413159198426,-4.973935241295014,-0.8673806785475859,45.878082113318484
2022-03-08T00:00:00.000Z,2022-03-09T00:00:00.000Z,RSI40,7.938533928305901,1,2022-03-08T00:00:00.000Z,393.73895263671875,404.10622124075445,392.67005908949244,396.92669641529477,164772700,396.7469787597656,-0.007581724081302421,-0.007610611454680462,412.7472183221289,425.2749670405156,419.7437808232695,0.014971822136064192,0.23767030827310617,125708430,-315912700,341.1937525369328,-0.019028580147005775,407.1819378406958,413.5363549703117,-6.354417129615911,-5.322478692271336,-1.031938437344575,34.93557842901416
2022-03-14T00:00:00.000Z,2022-03-16T00:00:00.000Z,RSI40,7.962560086835651,1,2022-03-14T00:00:00.000Z,394.4483642578125,401.5900437184911,393.3038099407346,398.12800434178155,95729200,397.35235595703125,-0.007308354048195853,-0.00733519090307992,407.6250625610352,421.1543524164922,419.88953506521284,0.015085886450393172,0.2394810231281957,122478870,-484260100,341.67090156647083,-0.008900853027950618,403.1552585266151,409.76622841437313,-6.610969887758017,-5.897085906347375,-0.7138839814106426,38.1266952081396
2022-04-25T00:00:00.000Z,2022-04-27T00:00:00.000Z,RSI40,-8.040053087141416,0,2022-04-25T00:00:00.000Z,406.5951232910156,406.7659107697977,397.41965431182905,402.00265435707155,119647700,404.2514953613281,0.005797450242188251,0.005780709698018404,422.76607055476563,416.1000421135078,423.26286666918554,0.011635786318058467,0.1847123814376237,86813450,-272820300,345.54149697653276,-0.04323538441041806,416.1992703268555,418.5494172668432,-2.350146939987667,-0.09709993032522639,-2.2530470096624406,39.63997721358798
2022-05-02T00:00:00.000Z,2022-05-04T00:00:00.000Z,RSI40,7.819918053454273,1,2022-05-02T00:00:00.000Z,393.28265380859375,394.64901157407303,384.3064367465445,390.9959026727131,158312500,390.9295349121094,0.006019291678776462,0.006001248112740544,413.6067398061914,413.9226403797344,422.949207153711,0.01580292989138343,0.2508637348727371,96301055,-136516100,346.1467829553625,-0.13669695198128173,404.6777628001603,411.3600095854368,-6.682246785276504,-3.7931168272272116,-2.889129958049293,37.28224287779872
2022-05-09T00:00:00.000Z,2022-05-09T00:00:00.000Z,RSI40,-7.687648061771483,0,2022-05-09T00:00:00.000Z,377.80682373046875,385.6254048215441,376.222218,384.3824030885751,155586100,390.3032227,-0.032017155490249194,-0.03254091447650121,404.9754516614063,412.4732397458437,422.58825668370895,0.019715457097386205,0.31297317878188347,112624990,-372526000,346.7640311339116,-0.13050911046097113,396.8181842497806,405.1063686040161,-8.288184354235511,-6.059683897469618,-2.228500456765893,33.7499124049357
2022-05-11T00:00:00.000Z,2022-05-12T00:00:00.000Z,RSI40,-7.554237428202043,0,2022-05-11T00:00:00.000Z,372.6639404296875,383.3765542344881,371.91433458035914,377.7118714101029,142361000,378.6797790527344,-0.015886347663177203,-0.016013888257235015,400.8778076184375,411.1052484128359,422.210604553582,0.019756473791268915,0.31362429861157776,117661195,-382389800,346.9210054966354,-0.13723943847544368,390.74093422813894,400.89070248744844,-10.149768259309496,-7.367540638843628,-2.7822276204658687,32.01159505716164
2022-05-16T00:00:00.000Z,2022-05-17T00:00:00.000Z,RSI40,7.590484201646063,1,2022-05-16T00:00:00.000Z,379.6285705566406,383.3101440048578,377.2659235471476,379.52421008230226,78622400,381.1752624511719,-0.0040576922137736116,-0.0040659469846045,394.9512420666797,409.063759765375,421.6840971378105,0.020397261118823354,0.32379648208352213,121158455,-481928600,347.0870540331138,-0.0833248458844191,385.752073966558,396.14621707923993,-10.394143112681945,-8.938848238682272,-1.455294873999673,38.36736233783274
2022-05-19T00:00:00.000Z,2022-05-20T00:00:00.000Z,RSI40,-7.374903981324394,0,2022-05-19T00:00:00.000Z,369.5422363,373.9829138685316,367.31241418995535,368.7451990662184,98510700,371.81951904296875,-0.006124699286444879,-0.006143532193758656,388.39604949935546,407.7441204825859,421.1374613954824,0.022057547827371564,0.3501527164988294,124696065,-615084100,347.2476590491222,-0.08717703233702945,381.63021424280714,391.954002887334,-10.323788644526871,-9.443161847743175,-0.8806267967836963,35.72854185195595
2022-05-25T00:00:00.000Z,2022-05-26T00:00:00.000Z,RSI40,7.4449295961855455,1,2022-05-25T00:00:00.000Z,377.0476989746094,379.02133983121746,371.84797566495524,372.24647980927637,91472900,373.7456359863281,0.008835054299876965,0.008796253577820051,383.172106934375,405.73861267008596,420.3120268251699,0.021315516041407474,0.33837332707543283,120327215,-407212900,347.42665277338534,0.050017443483929655,378.2354082678314,387.3188295399391,-9.083421272107671,-9.589244398501632,0.5058231263939614,42.372794732572764
2022-06-13T00:00:00.000Z,2022-06-14T00:00:00.000Z,RSI40,-7.2084736592844365,0,2022-06-13T00:00:00.000Z,355.82171630859375,362.28343636021015,354.2086463,360.42368296422063,170004900,369.86480712890625,-0.03796817255829954,-0.038707744204983525,381.60933685037105,396.036635740875,418.36445709237887,0.019432867158844867,0.30848720257954704,91993485,-751820700,348.09265092080534,-0.06040334488721895,380.20799490571056,384.95566628250543,-4.7476713767948695,-3.259219211571446,-1.4884521652234235,32.38251083799281
2022-06-16T00:00:00.000Z,2022-06-21T00:00:00.000Z,RSI40,7.031227601204478,1,2022-06-16T00:00:00.000Z,347.8987731933594,351.96938204270447,345.4602012,351.5613800602234,134473300,359.8070068359375,-0.03309616938062565,-0.033656239747070625,377.7878158542773,391.46257018986717,417.31546966562104,0.018397140812808195,0.292045556551963,96234750,-864639000,348.1305132435025,-0.049450405936174696,369.7773417092061,378.5675498655689,-8.79020815636278,-5.411926880079849,-3.378281276282931,31.28930649452154
2022-06-23T00:00:00.000Z,2022-06-24T00:00:00.000Z,RSI40,7.178433787142126,1,2022-06-23T00:00:00.000Z,360.2748718261719,361.0086381463317,355.3481010957897,358.92168935710464,79292100,356.77752685546875,0.009802593233737777,0.009754859506065066,374.46353759640624,386.09300048771877,415.9299517823203,0.019010455033478518,0.3017816179725614,94208285,-687480500,348.17187695107606,-0.05811505273961598,363.2933059455883,372.61606217224016,-9.322756226651848,-7.906434035648503,-1.4163221910033448,41.207051984342876
2022-08-31T00:00:00.000Z,2022-09-01T00:00:00.000Z,RSI40,-7.622319833999995,0,2022-08-31T00:00:00.000Z,376.5894470214844,382.3643626848254,376.4560482,381.1159917,76029700,379.4769287109375,-0.007609109990590834,-0.00763820696336741,396.16844482125,381.4994836408281,406.44860305726763,0.012394975756937033,0.19676414015717983,62107045,-1055527700,349.95703902555914,-0.10624539877937665,389.8381417232055,390.16924014746667,-0.33109842426114255,3.4814225369723197,-3.8125209612334623,37.14419440759835
2022-09-06T00:00:00.000Z,2022-09-09T00:00:00.000Z,RSI40,7.492718277324116,1,2022-09-06T00:00:00.000Z,372.3774108886719,375.57933179810465,370.1474954520454,374.6359138662064,76637400,373.7877502441406,-0.0037731021269359344,-0.0037802382325917345,393.25191344917965,382.20257324043746,405.44717147767767,0.01258963264987558,0.19985422253537938,67039645,-1153057100,350.0626446252611,-0.12126586136165968,383.7332868885895,386.940403636008,-3.2071167474185245,0.6094168722732073,-3.816533619691732,34.68597859721004
2022-09-16T00:00:00.000Z,2022-09-22T00:00:00.000Z,RSI40,-7.351451888220993,0,2022-09-16T00:00:00.000Z,368.93133544921875,369.59157905276464,365.63011743148934,367.57259441105026,103084800,371.7674560546875,-0.007628748991551193,-0.007657996741250747,383.2060226407617,384.45963012570314,403.05608276295317,0.015681960264728567,0.24894340158281053,78826290,-1083950000,350.37848126572004,-0.09105108128981906,378.7263262195899,382.83841663147615,-4.112090411886243,-2.5061163858926525,-1.6059740259935902,37.95570335386156
2022-09-26T00:00:00.000Z,2022-09-30T00:00:00.000Z,RSI40,-7.012144891376579,0,2022-09-26T00:00:00.000Z,348.5978088378906,354.24334411898207,347.37301464402196,350.6072445688274,92581200,352.08087158203125,-0.009892791756876518,-0.009942050561895073,372.69726714869137,383.89127685421875,400.8538951103497,0.013789477875022226,0.21890117500041734,87010085,-1499093700,350.46202044489206,-0.05265822002037558,365.36068575210254,373.95209576701706,-8.591410014914516,-5.685384544623331,-2.9060254702911843,27.727204010185915
2022-10-04T00:00:00.000Z,2022-10-07T00:00:00.000Z,RSI40,-7.126779005673313,0,2022-10-04T00:00:00.000Z,361.6687316894531,361.6974366671643,350.7604021,356.33895028366675,103602800,350.7985534667969,0.03098695281160868,0.03051655006785162,364.69486083749996,381.01431823517964,398.1564215076641,0.01842881325036518,0.29254834091110904,96862915,-1569889800,350.45413238606614,0.031547110295169004,356.57055081934806,365.4548631923319,-8.884312372983857,-8.596988790649124,-0.2873235823347322,46.95872598903988
2022-10-11T00:00:00.000Z,2022-10-13T00:00:00.000Z,RSI40,-6.855791247101195,0,2022-10-11T00:00:00.000Z,342.3111267089844,347.3729840208437,340.3686791539774,342.78956235505893,92482800,344.4928283691406,-0.006333082957008518,-0.006353222000058622,356.57236480478514,377.5379443338125,395.961120451756,0.015350025299274381,0.24367409736257897,98163820,-2016604100,350.4598762951544,-0.11297955877566124,352.1515519944617,360.3968678712411,-8.245315876779387,-8.094827571522762,-0.1504883052566246,35.474992111264626
2022-10-17T00:00:00.000Z,2022-10-18T00:00:00.000Z,RSI40,6.966214723628582,1,2022-10-17T00:00:00.000Z,350.9995422363281,352.1095164641869,341.87098172888943,348.3107361814287,93168200,342.2059631347656,0.02569674420927459,0.025372132112750415,351.37465820078125,373.7789855935781,393.86100616342594,0.0182661060431565,0.2899654440703569,102770355,-1976910200,350.42521785797317,-0.15588061339011616,349.44074911960075,356.6747905513764,-7.234041431775665,-7.920652123850633,0.6866106920749679,45.64326736048215
2022-12-20T00:00:00.000Z,2022-12-21T00:00:00.000Z,RSI40,7.290812821517363,1,2022-12-20T00:00:00.000Z,365.7998962402344,367.42443690305714,363.2140903016816,364.54064107586714,74427200,365.3000488,0.0013683202120458038,0.0013673849150377753,379.5378936761328,369.88652526799217,382.37114913826366,0.012970527981740476,0.20590074847733894,82413975,-2334201400,351.6832235715593,-0.007484565893027331,374.5344358610702,375.4401179570226,-0.9056820959523861,1.6920271777956022,-2.5977092737479883,40.47140047253409
2022-12-29T00:00:00.000Z,2023-01-06T00:00:00.000Z,RSI40,7.2985033367880305,1,2022-12-29T00:00:00.000Z,368.58758544921875,369.46234043156596,364.3964532994833,364.92516683940227,66970900,362.0702209472656,0.018000277639243834,0.017840190858395808,374.6775619500586,372.29845214787497,381.4070368946113,0.011634626404268085,0.18469396837703395,82597570,-2351876400,351.77913741490744,-0.08414123639618433,369.6310917309645,372.29718793092417,-2.666096199959668,-1.2197223510953372,-1.4463738488643307,46.39364199387022
2023-03-10T00:00:00.000Z,2023-03-13T00:00:00.000Z,RSI40,-7.51690320086567,0,2023-03-10T00:00:00.000Z,370.9619445800781,377.9311189281999,369.4335360708871,375.84516004328316,189253000,376.3930969238281,-0.01442946852144078,-0.014534585717888036,385.8307678228906,383.48143005414846,375.94341888344917,0.01000960209009922,0.15889750711868925,91552090,-2531497200,353.5968332240655,-0.06468376639814113,381.85391210798605,384.2007436643667,-2.346831556380664,-0.7669385573614081,-1.5798929990192558,35.08035454680798
2023-08-17T00:00:00.000Z,2023-08-30T00:00:00.000Z,RSI40,8.54543162006388,1,2023-08-17T00:00:00.000Z,422.5549011230469,427.5330703308015,422.0318929109953,427.2715810031936,95711300,425.7994079589844,-0.007619801191104614,-0.007648980196184146,435.3727340691992,429.7564849843516,396.6867094417637,0.006312233190925368,0.10020359544381731,73450890,-1767855500,359.66228218879604,-0.22198478525634424,431.0281548497884,431.9920612361587,-0.9639063863702972,1.1390900659811922,-2.1029964523514897,34.927141323102674
2023-09-22T00:00:00.000Z,2023-09-27T00:00:00.000Z,RSI40,-8.406262277363453,0,2023-09-22T00:00:00.000Z,418.3400879,421.9167999657982,417.9221334858743,420.3131138681717,100829700,419.28289794921875,-0.0022486251021212045,-0.0022511570558680807,431.03994903423825,432.8716833487344,403.4635816950879,0.007443503756700759,0.11816195893923144,74600210,-1784914200,361.2473227248768,-0.09350521082616514,427.66162885055286,429.6395975258778,-1.9779686753249166,-0.4085006964656863,-1.5694679788592303,33.16584142392513
2023-09-29T00:00:00.000Z,2023-10-03T00:00:00.000Z,RSI40,-8.391100881213788,0,2023-09-29T00:00:00.000Z,415.4826354980469,419.72998517929483,413.9566909765415,419.55504406068815,115111300,416.4934387207031,-0.0024269367262087504,-0.002429886510738691,426.89754791306643,430.6638299556172,404.4127542108789,0.006875657456117714,0.10914767837372683,79449080,-1728355300,361.56137292456,-0.1676432193224066,420.9630036612753,425.25860788602284,-4.295604224747535,-2.671917759896323,-1.6236864648512124,34.56427539383169
2023-10-05T00:00:00.000Z,2023-10-09T00:00:00.000Z,RSI40,8.24900254170609,1,2023-10-05T00:00:00.000Z,412.5862121582031,413.43179046208184,409.3496831914452,412.4501270853044,70142700,412.7418212890625,-0.00037701323886540905,-0.0003770843262243607,422.6626861576953,428.4695477286797,405.1244807428613,0.007533576575018944,0.11959182060217116,83945615,-1898604200,361.7712394081096,-0.1003995173763085,416.8436244120228,421.892462959322,-5.048838547299226,-3.9909882599856163,-1.05785028731361,34.732691420423336
2023-10-23T00:00:00.000Z,2023-10-27T00:00:00.000Z,RSI40,-8.156670350332831,0,2023-10-23T00:00:00.000Z,408.659668,412.5377077081286,406.0743180295289,407.83351751664156,92035100,409.3691711425781,-0.0017331621250272766,-0.001734665788148903,416.67762145902344,424.2119403070547,408.2353903193242,0.008139981268826195,0.1292181966842287,92299920,-2170924100,362.4978963125775,-0.05285963547278493,416.4391750799745,419.330039356109,-2.8908642761344936,-2.3124172140414623,-0.5784470620930313,34.79698092039612
2023-10-31T00:00:00.000Z,2023-11-02T00:00:00.000Z,RSI40,8.089994935934044,1,2023-10-31T00:00:00.000Z,406.46307373046875,406.7837991071731,402.58503439104294,404.4997467967024,79665200,403.92633056640625,0.00628021243503829,0.00626057408006366,413.8283905041797,421.5822576903672,409.0449110409003,0.008786614541790324,0.13948318166256568,90586760,-2242879700,362.7745968355861,-0.04406244835275151,408.7797797700731,413.8420446351938,-5.06226486512071,-4.056832405446336,-1.005432459674374,40.53941301600337
2024-04-16T00:00:00.000Z,2024-04-19T00:00:00.000Z,RSI40,-9.885790074763008,0,2024-04-16T00:00:00.000Z,492.90924072265625,495.81659688850766,491.6170757880816,494.2895037381496,73484000,493.8098449707031,-0.0018237875514618418,-0.0018254526768428996,506.35550842191407,498.6098352065781,452.90988143959953,0.007288007533312007,0.11569353291785314,72878240,-946445100,372.7874895433426,-0.10158626869530575,502.25729245577634,502.3872763929346,-0.12998393715827206,2.305971377294632,-2.435955314452904,38.25781121867004
2024-04-23T00:00:00.000Z,2024-05-03T00:00:00.000Z,RSI40,9.82392321356059,1,2024-04-23T00:00:00.000Z,494.9845275878906,495.4152492396772,488.9936189979829,491.1961606780303,64633600,489.1796569824219,0.011866541305656453,0.011796685988664405,501.52117462033203,499.0825421157578,454.45473297158196,0.007918492482674054,0.1257021712061399,76232075,-1066521500,373.26547188210003,-0.14081461905550166,495.29935355855935,498.34776360432807,-3.048410045768719,-1.0330938093221171,-2.015316236446602,46.06135936026436
2024-07-26T00:00:00.000Z,2024-07-31T00:00:00.000Z,RSI40,10.651088488138498,1,2024-07-26T00:00:00.000Z,534.6756591796875,537.3763388802067,531.7785544219373,532.5544244069231,53763800,528.7538452148438,0.011199566714143794,0.011137315923560123,542.6427093491797,531.76655761725,485.32885208181455,0.008734419905663612,0.13865461750078897,48128860,-350518800,378.2509143409327,-0.16189449202217387,539.5268164799925,538.385340245961,1.1414762340315292,3.850277858630589,-2.70880162459906,46.42621296804032
2024-08-05T00:00:00.000Z,2024-08-05T00:00:00.000Z,RSI40,10.049279948537503,1,2024-08-05T00:00:00.000Z,508.1010437011719,514.1898617,501.1185425419697,502.46399742687476,146267400,523.3427124023438,-0.029123685760725992,-0.02955619857848171,539.2501754745117,532.9826190180547,488.51901626632235,0.012089032402534585,0.1919074399710492,57641465,-597678400,378.93724247670843,-0.23337224003123483,531.152849448302,534.4316637328534,-3.278814284551345,0.2462206063728157,-3.5250348909241604,30.7849353447822
2024-08-07T00:00:00.000Z,2024-08-13T00:00:00.000Z,RSI40,10.379842456853225,1,2024-08-07T00:00:00.000Z,509.3580627441406,522.0562223292172,508.7590171785257,518.9921228426584,70698300,512.7855224609375,-0.006684002505273456,-0.00670644048960469,535.50212402125,532.7627136221093,489.4667437750079,0.012022916052040625,0.190857875445036,62118150,-583550400,379.151130354506,-0.30008825957934243,525.4087923593659,531.0897137781396,-5.680921418773778,-1.6987853398358859,-3.9821360789378923,33.52610356970493
2024-12-19T00:00:00.000Z,2024-12-24T00:00:00.000Z,RSI40,11.650711674065064,1,2024-12-19T00:00:00.000Z,577.3540649414062,584.1511257,577.1077954954964,582.5355837032507,85919500,577.5313720703125,-0.00030700865352240037,-0.00030705579032692064,592.2952056884766,582.2234692359062,540.9484959398497,0.008003256083731342,0.12704775165790716,43020060,179519900,387.03867557141183,-0.1427255946060552,589.9594661289747,588.4624745905385,1.4969915384361911,4.140078225970899,-2.6430866875347077,37.46647603412203
2025-01-13T00:00:00.000Z,2025-01-15T00:00:00.000Z,RSI40,11.38174284146396,1,2025-01-13T00:00:00.000Z,574.6419067382812,574.9977137931114,568.6719735158341,569.0871420731995,47910100,573.7522583007812,0.0015505794088459535,0.0015493785018352317,585.6076782217187,585.4289807122656,546.4942619307326,0.010237185587311029,0.1625102831354381,58095135,255731400,388.5600329162117,-0.06270445173644136,581.9683460985857,584.5639238660561,-2.595577767470445,-1.0450557483219498,-1.5505220191484952,40.31777200520816
2025-02-28T00:00:00.000Z,2025-03-03T00:00:00.000Z,RSI40,11.57527126210232,1,2025-02-28T00:00:00.000Z,587.2835083007812,587.8172189511107,575.6797809164046,578.7635631051176,88744100,578.2593383789062,0.015605748706408074,0.015485231236470342,595.2889190692579,590.919438477625,561.5142407215,0.008118278434196408,0.12887367486517523,46910410,284517100,391.49555584150943,0.08452227208151158,591.5795663477687,593.0735193035481,-1.4939529557793776,0.789049894790561,-2.2830028505699387,44.63967448609071
2025-03-05T00:00:00.000Z,2025-03-10T00:00:00.000Z,RSI40,-11.399928424521704,0,2025-03-05T00:00:00.000Z,576.2924805,578.0913631561872,566.4283366011412,569.9964212260836,71230500,570.1644287109375,0.010747867598329908,0.010690519814360826,592.4383911167188,589.9776757829375,562.4275445547734,0.009358948064883561,0.14856869467710657,51372710,171850200,391.9411142919476,0.04972983588690845,584.8333634053135,589.2380725913654,-4.404709186051832,-1.4249323833434944,-2.979776802708338,39.6211585905082
2025-03-12T00:00:00.000Z,2025-03-13T00:00:00.000Z,RSI40,-11.112899725272882,0,2025-03-12T00:00:00.000Z,552.3833008,556.5740782812179,547.2634312637055,555.6449862636414,69588200,549.4674682617188,0.005306651815994989,0.005292621154581426,582.6794921904687,587.0398913577969,563.4161178579803,0.011234104376276487,0.17833587829301983,63620315,55073600,392.6023681076052,-0.026617578429172152,568.9148385108209,579.1091191354493,-10.19428062462839,-6.083988113153042,-4.110292511475349,31.07686669227141
2025-03-17T00:00:00.000Z,2025-03-24T00:00:00.000Z,RSI40,11.1251539830904,1,2025-03-17T00:00:00.000Z,560.5671387,563.0974224498057,555.8228038023716,556.2576991545186,49008700,556.2775268554688,0.007711280138853693,0.007681700187041508,575.6910553022266,585.3017028822969,563.9665707388709,0.012560768789155723,0.1993960229513277,67262345,92663200,392.88378524587836,-0.05190705992338704,563.3534303564817,574.0047847845965,-10.651354428114814,-8.492635617688467,-2.158718810426347,40.956988453036296
2025-03-31T00:00:00.000Z,2025-04-01T00:00:00.000Z,RSI40,10.901660502406457,1,2025-03-31T00:00:00.000Z,554.5604858398438,555.8690968,542.1485586831927,545.0830251203251,95328200,550.8626708984375,0.006712770962271408,0.0066903406390715955,560.1770050083203,581.175063479125,566.0052767936677,0.012918710506263042,0.20507817155525607,71117110,140758100,393.88271116858186,0.03561614164091319,560.3573159830091,566.5741530550999,-6.2168370720908115,-6.93640638990653,0.7195693178157185,41.179928045967486
2025-04-04T00:00:00.000Z,2025-04-04T00:00:00.000Z,RSI40,-10.3829769227317,0,2025-04-04T00:00:00.000Z,500.9176330566406,521.3298644038904,500.69953122991006,519.1488461365848,217965100,532.0664063,-0.0585430180792067,-0.0603266229316705,553.527116398418,576.374838261336,566.1098558038337,0.020239193348374145,0.32128723401810383,77739250,-72568900,394.4820778423302,-0.16392109004512026,547.0572790031805,558.289621252639,-11.232342249458497,-7.623762528816472,-3.608579720642026,23.43278028607753
2025-04-08T00:00:00.000Z,2025-04-08T00:00:00.000Z,RSI40,-10.347089149088447,0,2025-04-08T00:00:00.000Z,492.1936035,520.4475157965463,484.93679417196097,517.3544574544211,165816600,500.0254211425781,-0.01566283895063203,-0.015786797275854362,547.961019902461,572.3526879920313,565.709035033492,0.019806451347334095,0.3144176677184773,89489215,-494996900,394.8945258678427,-0.15102115830652946,532.4942231687667,549.3974470905738,-16.903223921807125,-10.524196165161072,-6.379027756646053,21.587291240095396
2025-04-22T00:00:00.000Z,2025-04-23T00:00:00.000Z,RSI40,10.312986727889324,1,2025-04-22T00:00:00.000Z,522.6979370117188,524.7302260402327,514.7075262081219,515.6493363944684,75948100,509.44342041015625,0.026017642137553088,0.025684941666585557,533.9291442899219,559.8473486364376,565.2588699337538,0.03371000602789446,0.5351297558657822,106601155,-303490100,396.00909805201667,-0.03709690012425917,525.6118551751537,537.1951390562979,-11.583283881144212,-11.97512376953088,0.3918398883866683,44.3232169119941
2025-11-19T00:00:00.000Z,2025-11-20T00:00:00.000Z,RSI40,13.17666540271216,1,2025-11-19T00:00:00.000Z,660.6777954101562,665.3739409367662,656.8092216159307,658.8332701356088,94703000,658.1353149414062,0.0038631576379948296,0.0038557148069217236,674.4171691867969,667.0287707508905,609.9399694828126,0.008418114388946614,0.1336334230874832,80350395,1238046200,416.9772940720685,0.05080678842579837,669.1410121744793,669.7297648450558,-0.5887526705764685,2.0958608312427813,-2.68461350181925,41.86757169877679
2021-01-05T00:00:00.000Z,2021-01-06T00:00:00.000Z,SMA20_50_200,6.8722533315354895,1,2021-01-05T00:00:00.000Z,346.6277770996094,347.71995701585035,343.5659756645781,343.61266657677504,66426200,344.25677490234375,0.0068873072953705705,0.006863698134853277,344.0885208142383,334.02910644625,300.37050285440915,0.006126452530394517,0.09725441888679763,64369410,226404400,282.93987270486645,0.07507044277140397,345.2932839341544,342.0621531021429,3.2311308320115018,3.6375642442535083,-0.4064334122420066,59.67040141054426
2021-01-08T00:00:00.000Z,2021-01-27T00:00:00.000Z,SMA20_50_200,-7.10543550164914,0,2021-01-08T00:00:00.000Z,355.8972168,356.1118981341495,352.0139516043895,355.2717750824561,71677200,353.8808594,0.005697842498231465,0.005681671192288171,345.60518646505864,336.17356323392187,302.37735534783593,0.006565787996416818,0.1042286531981517,68516420,474846100,283.5998252378491,0.15780700150293658,348.4178327165574,344.3191389702821,4.09869374627533,3.6863155516399866,0.41237819463534375,71.20169271752812
2021-01-29T00:00:00.000Z,2021-02-02T00:00:00.000Z,SMA20_50_200,7.012835126000027,1,2021-01-29T00:00:00.000Z,345.4516296386719,351.6125797804302,343.77135497049784,350.6417563,126765100,352.5086669921875,-0.02001947190045128,-0.020222576801091106,352.81999206902344,345.4965979023281,310.11684013491697,0.010314684177825776,0.16374053512019843,74039305,344381200,286.1384218895492,0.05148081626519587,352.77365597165357,350.5964179627925,2.1772380088610817,3.5054528230835924,-1.3282148142225108,43.093111998319955
2021-02-04T00:00:00.000Z,2021-02-09T00:00:00.000Z,SMA20_50_200,7.1496813581135825,1,2021-02-04T00:00:00.000Z,360.49920654296875,360.5458689619546,356.55993550525034,357.48406790567833,47142600,356.4479064941406,0.011365756327971877,0.011301651396247977,354.60619202019535,347.3986480732266,312.0749082959277,0.010943581335991902,0.17372396800465537,67873435,584219200,286.745144095177,0.10253487900277654,354.66788243310106,352.12071943419517,2.5471629989058897,2.745207935643883,-0.19804493673799328,61.092410668940914
2021-02-11T00:00:00.000Z,2021-02-23T00:00:00.000Z,SMA20_50_200,-7.304265553999983,0,2021-02-11T00:00:00.000Z,364.7185363769531,365.6333535,362.28217677979495,365.2132777,42913300,364.1303711,0.001615260147557418,0.001613957017958756,357.01689605962895,350.1592877217891,314.65638565191597,0.010403801817901584,0.16515523379861574,64639625,619462000,287.3780827135061,0.08057098937846349,359.99688816671943,355.91362150517284,4.083266661546588,3.4134912425420136,0.6697754190045746,64.84817764359249
2021-02-25T00:00:00.000Z,2021-02-25T00:00:00.000Z,SMA20_50_200,-7.288770639999996,0,2021-02-25T00:00:00.000Z,356.8960266113281,365.8107435,355.4491495573829,364.438532,146670500,365.7080383300781,-0.02409575616381865,-0.02439080820581092,360.76480102570315,354.12213318077346,319.0725181592402,0.010098307992731311,0.16030566966781742,68803390,494053000,289.23869619732795,0.0848887880947551,362.12663080558195,359.58537637115353,2.5412544344284242,3.4547492112852236,-0.9134947768567994,46.1871508152889
2021-03-02T00:00:00.000Z,2021-03-03T00:00:00.000Z,SMA20_50_200,-7.277755191139477,0,2021-03-02T00:00:00.000Z,360.8259582519531,364.1211286457314,360.3218730437514,363.88775955697247,79595300,363.6636962890625,-0.007803193076643455,-0.007833797298802132,362.2840316775586,355.18158752647656,320.53787338384956,0.009855902044103021,0.15645759452945848,70846635,367104900,290.07157041053546,0.09382086886811773,361.3479048952509,359.66941410149485,1.6784907937560547,2.6320755816430697,-0.953584787887015,51.79083266979134
2021-03-10T00:00:00.000Z,2021-03-16T00:00:00.000Z,SMA20_50_200,7.275327869977616,1,2021-03-10T00:00:00.000Z,363.6636962890625,365.3626300474982,362.3475197320477,363.7663934988811,109899400,361.4140625,0.006224533084023154,0.006205240693990096,361.4513641360547,356.83776123203126,323.16015777739455,0.0112888427660773,0.1792048232925062,96621060,316155100,291.92938307918905,-0.09170896547193037,359.7385181325524,359.1611410753014,0.5773770572509989,0.9663844430471938,-0.389007385796195,55.38656198541695
2021-03-18T00:00:00.000Z,2021-03-25T00:00:00.000Z,SMA20_50_200,-7.364754916613265,0,2021-03-18T00:00:00.000Z,365.43731689453125,370.32872365366313,364.75586893126194,368.2377458306638,115349100,370.8327941894531,-0.014549622847448096,-0.014656506622562359,362.3759735107422,359.433383790625,325.81133957060746,0.012008244660496535,0.19062497432455847,106407055,449368600,293.2481232454422,-0.11203528154907727,365.2501487305499,362.6131495972414,2.6369991333085068,1.976563182613929,0.6604359506945778,53.91543491127757
2021-03-29T00:00:00.000Z,2021-04-05T00:00:00.000Z,SMA20_50_200,7.387377896134183,1,2021-03-29T00:00:00.000Z,370.66131591796875,371.5697547729306,367.87980961613647,369.3688948067096,108107600,370.8486022949219,-0.0005050211212719313,-0.0005051486873892605,364.28615112257813,361.298579102375,328.4752919018692,0.009698169556099133,0.1539536689078559,105368530,343677600,294.97195407555245,-0.02879725545778141,366.66063091304704,364.41538469906646,2.245246213980579,2.0511902232196473,0.1940559907609316,59.07151341288951
2021-04-07T00:00:00.000Z,2021-04-15T00:00:00.000Z,SMA20_50_200,7.603530131825266,1,2021-04-07T00:00:00.000Z,380.7852478027344,381.1317607116918,379.71761420704763,380.17650659126247,55836300,380.34503173828125,0.001157412422192694,0.0011567431368115348,369.95495300167966,363.70481567345314,331.2024880989884,0.007464847061424439,0.1185007733979622,91690055,565332600,296.2724108240357,0.18288804587820423,373.4991210876845,369.0131335432906,4.485987544393879,3.2015791863852727,1.2844083580086063,68.66748314015082
2021-04-19T00:00:00.000Z,2021-05-12T00:00:00.000Z,SMA20_50_200,-7.796831248740318,0,2021-04-19T00:00:00.000Z,388.8581848144531,390.2910803620789,387.5283228451497,389.8415624370154,78498500,390.7780762,-0.004912996666077696,-0.0049251051096398345,377.70919800132816,368.9958068862031,335.2995634473419,0.0066081403281034665,0.10490097562067124,80678480,799664900,297.7597753132225,0.30358544825792716,383.91915472279703,377.378576835151,6.540577887646009,5.660153972175358,0.8804239154706508,70.76749896753336
2021-05-17T00:00:00.000Z,2021-05-19T00:00:00.000Z,SMA20_50_200,-7.780534242756858,0,2021-05-17T00:00:00.000Z,389.1484375,389.9632457530462,387.12552146147345,389.0267121378434,65129200,390.1412353515625,-0.0025447139692061915,-0.002547957257127152,389.4968765258789,380.02731201303123,344.61029129189257,0.009197939170851273,0.14601275772223266,79872280,661559700,302.1739752842807,0.09959581668317473,388.49716726200063,386.6392387622317,1.8579284997689456,3.016995267231377,-1.1590667674624315,53.57357319317212
2021-05-21T00:00:00.000Z,2021-06-14T00:00:00.000Z,SMA20_50_200,7.808255775581699,1,2021-05-21T00:00:00.000Z,388.60528564453125,391.6583945728601,388.1463932893185,390.4127887790832,76578700,388.9237365722656,-0.0008188004428348883,-0.0008191358430138562,389.29880371203126,382.01438659805467,346.25216736002346,0.008766871895525902,0.1391697768691378,79944350,496725900,302.98887797669204,0.10722276616473382,387.90855910650123,386.774149596104,1.1344095103972336,1.9460885020257717,-0.8116789916285381,52.8126172677226
2021-06-16T00:00:00.000Z,2021-06-18T00:00:00.000Z,SMA20_50_200,-7.953606082609156,0,2021-06-16T00:00:00.000Z,395.3202209472656,397.90506306952614,393.2692384667754,397.68030413045653,80386100,397.5398254394531,-0.005583351277406945,-0.005598996445305693,393.53848266429685,390.43753051876564,353.0689601147754,0.004454876268461904,0.07071896836748168,58178675,595846000,305.40727137864934,0.09481623164870087,395.39153792881166,392.9644037238258,2.4271342049858617,2.3929777728534187,0.034156432132443015,56.0827156658857
2021-06-22T00:00:00.000Z,2021-07-01T00:00:00.000Z,SMA20_50_200,7.908593200057339,1,2021-06-22T00:00:00.000Z,397.5531311035156,398.3893867,394.70615149146886,395.4296600028668,57700300,395.4390563964844,0.005346145437165939,0.005331905531506156,394.69643554515625,391.31297302321093,354.45535324210744,0.005560135393724234,0.08826441304585515,59563855,516742300,306.27625336255835,0.04450822350485652,395.1018737185394,393.40757068642034,1.6943030321190804,2.008594097184408,-0.31429106506532767,58.062124911792004
2021-07-06T00:00:00.000Z,2021-07-19T00:00:00.000Z,SMA20_50_200,-8.151572638588505,0,2021-07-06T00:00:00.000Z,406.77996826171875,407.79474969280744,404.03635942053677,407.5786319294247,68710400,407.5223693847656,-0.0018217432436106185,-0.0018234046358935002,398.7717895490625,393.88526916478907,358.5067955026778,0.005558911400468252,0.08824498275528467,59652760,766923000,307.6138249095909,0.20317302846872318,401.78562636170716,398.2133243738718,3.572301987835374,2.7901531337019674,0.7821488541334065,69.8502317749977
2021-07-21T00:00:00.000Z,2021-07-26T00:00:00.000Z,SMA20_50_200,8.124512427285936,1,2021-07-21T00:00:00.000Z,408.3021240234375,408.44308660228415,404.97596917781965,406.2256213642959,64724400,405.0229187011719,0.008096345097658553,0.00806374553568266,405.0182540920117,397.3220416267891,364.0051838694707,0.006849458991282944,0.10873179063762,66856380,758569100,309.9466251835433,0.2564207362929338,405.77248441155837,403.147141954087,2.6253424574713904,3.2279881643584005,-0.6026457068870101,58.27785927096707
2021-07-28T00:00:00.000Z,2021-08-24T00:00:00.000Z,SMA20_50_200,8.262444830572406,1,2021-07-28T00:00:00.000Z,412.3235778808594,413.7047874183934,410.89539993579183,413.12224152861904,52472400,412.4927673339844,-0.0004101634416974198,-0.0004102475817301025,408.06161041525394,399.9338201908672,366.38466354476367,0.007173383381228838,0.11387393091393086,68527305,794063900,310.7235414891582,0.36062688916470614,409.5781791625386,406.1094682701453,3.4687108923932897,3.2760189801490913,0.19269191224419835,61.243896832753656
2021-08-26T00:00:00.000Z,2021-09-20T00:00:00.000Z,SMA20_50_200,-8.430257430795109,0,2021-08-26T00:00:00.000Z,419.3048400878906,421.74777094308087,419.21087459171173,421.5128715397554,57829600,421.7947998046875,-0.005903248968336827,-0.005920742020396183,416.4254577636719,409.65337158309376,376.68455062972464,0.005265112590185936,0.08358107123032274,56902995,1068469700,314.06496037130665,0.2135580521986663,417.9416626216476,415.06665116955986,2.8750114520877332,2.897177238241427,-0.02216578615369391,58.910846727568554
2021-09-24T00:00:00.000Z,2021-09-30T00:00:00.000Z,SMA20_50_200,-8.322094825038846,0,2021-09-24T00:00:00.000Z,418.4329833984375,419.1493744484677,415.8879311273014,416.10474125194315,62094800,417.74493408203125,0.001647056038915684,0.0016457011296549862,419.8666549701367,416.3901867693281,385.05868301505666,0.0070081063031094525,0.11125023863719113,75790485,793033200,318.13632355884687,-0.0220894511674709,416.8043766538093,417.51698621685364,-0.7126095630443388,0.10308343969847211,-0.8156930027428109,51.576042343611206
2021-10-29T00:00:00.000Z,2021-11-03T00:00:00.000Z,SMA20_50_200,8.594132402839705,1,2021-10-29T00:00:00.000Z,432.89263916015625,433.1848452815996,429.41441402054215,429.7066201419855,70162400,432.0159912109375,0.002029202545863029,0.0020271464953357716,419.6956390380859,418.7898028571953,393.9354118355918,0.006730209732270052,0.10683876733735895,68971255,1110064200,322.72214521706593,0.17438188619540196,426.2027711462135,421.5892101024177,4.613561043795755,3.0458006320464226,1.5677604117493327,68.87454105594627
2021-11-05T00:00:00.000Z,2021-11-26T00:00:00.000Z,SMA20_50_200,-8.846941243418712,0,2021-11-05T00:00:00.000Z,441.6401062011719,443.6384304731289,440.1225211938107,442.34706217093657,66390600,440.1130371,0.003469720213775229,0.0034637146223995075,426.7152404780469,420.58968017634373,395.98651840270907,0.005178402877135012,0.08220459720840363,58461750,1379153700,323.47639303396915,0.33746114502383756,433.13604171185693,426.8577725282423,6.278269183614611,4.832113187169214,1.4461559964453974,76.76869874573443
2021-11-30T00:00:00.000Z,2021-12-01T00:00:00.000Z,SMA20_50_200,-8.709695892024229,0,2021-11-30T00:00:00.000Z,429.4143981933594,437.3982872450258,429.1693109652695,435.48479460121024,148559600,437.9355469,-0.01945754065172156,-0.019649330511488237,439.2943496722852,426.40993530348436,402.43414688191604,0.008261680979023245,0.13115011969108886,64345895,1325927900,326.39520242573246,-0.06778898430975339,437.52929834145255,435.30696730985164,2.222331031600902,4.040016162375457,-1.8176851307745547,42.37170984675333
2021-12-08T00:00:00.000Z,2021-12-20T00:00:00.000Z,SMA20_50_200,-8.836007121023158,0,2021-12-08T00:00:00.000Z,442.5732727050781,443.0257349,440.03765502758847,441.8003560511577,72238800,441.4044189453125,0.0026480336616441225,0.0026445337976511466,437.3874496484961,428.72818420491404,404.5132249458965,0.010781844595787288,0.17115647684999333,81415865,1450995900,328.03642864803425,-0.04758222990082965,435.94389678627505,434.8535239762363,1.0903728100387298,1.4531389808852373,-0.36276617084650753,58.3770817109296
2021-12-22T00:00:00.000Z,2021-12-23T00:00:00.000Z,SMA20_50_200,8.755240690779772,1,2021-12-22T00:00:00.000Z,442.39703369140625,442.5105393973741,437.5633706863754,437.7620345389874,58890200,438.0174255371094,0.009998707583211974,0.009949051231767165,436.5515472441797,434.7015631117891,408.5396417246172,0.013109292366296337,0.20810356479154538,100059920,1168275100,330.37706932841195,0.05556797010110569,437.97948194379234,436.88978864250214,1.0896933012901968,1.261808447124184,-0.17211514583398713,55.13016322498122
2021-12-28T00:00:00.000Z,2022-01-06T00:00:00.000Z,SMA20_50_200,-9.037691461999998,0,2021-12-28T00:00:00.000Z,451.0805358886719,452.91562165597793,450.31434355839286,451.8845731,47274600,451.4494934082031,-0.000817273083519976,-0.0008176072332399519,438.2824325578711,436.70338989401563,409.75186065772266,0.012145295061833459,0.19280058199867303,95046205,1234248800,330.81025911540445,0.07760070324264473,442.53832442784204,439.4641230510443,3.0742013767977596,1.8553106904669663,1.2188906863307933,61.37157194070334
2022-01-12T00:00:00.000Z,2022-01-14T00:00:00.000Z,SMA20_50_200,-8.921722951289155,0,2022-01-12T00:00:00.000Z,445.5469665527344,447.6090928817036,443.5794668088616,446.08614756445814,67605400,444.34564208984375,0.0027035810618971645,0.002699932960430794,444.42365112304685,440.67710083151565,414.09983886829684,0.009481349961375495,0.15051176454582854,81101495,915712000,333.01029481505,0.15949335122886604,444.65143114301253,443.06682256927724,1.584608573735295,2.3781741137426753,-0.7935655400073802,53.45563609290344
2023-01-30T00:00:00.000Z,2023-02-01T00:00:00.000Z,SMA20_50_200,7.743953830871703,1,2023-01-30T00:00:00.000Z,385.07330322265625,389.4374563543724,384.7753132953742,387.1976915435842,74202000,389.9660949707031,-0.012546710627277635,-0.012626085226670962,378.25166015499997,377.41098998967186,376.6803095997519,0.010154905985530777,0.1612041349497343,78633025,-2164849700,352.36234421983653,0.2164282779632022,382.9398514079569,379.14007485201995,3.799776555936944,2.680106675175283,1.119669880761661,57.258472030973955
2023-02-03T00:00:00.000Z,2023-02-21T00:00:00.000Z,SMA20_50_200,-7.91294412000002,0,2023-02-03T00:00:00.000Z,396.3777770996094,400.81881836953994,395.16657335854075,395.647206,94736800,400.63616943359375,-0.010629076101652868,-0.010685968230675398,384.0202133166211,378.82065856858594,376.22404449355076,0.010616336946309052,0.16852912436640377,81777265,-1969661000,352.59795100425976,0.26461364836130624,389.35350919554,383.5731989683106,5.7803102272294495,4.162630548127366,1.6176796791020838,63.70278421927749
2023-03-06T00:00:00.000Z,2023-03-08T00:00:00.000Z,SMA20_50_200,-7.787209378455032,0,2023-03-06T00:00:00.000Z,388.8029479980469,391.6675289386707,388.36077420704004,389.36046892275226,72795900,388.5338439941406,0.0006926140619820664,0.0006923743155574151,389.10387115712894,382.6470495609844,375.81351821802537,0.009292920808098168,0.14752054446987087,82649735,-2196734900,353.42762973771295,0.064641706061653,385.98282594101624,386.43537540994214,-0.45254946892589487,0.242110504813096,-0.6946599737389909,53.17986772564381
2023-04-14T00:00:00.000Z,2023-04-26T00:00:00.000Z,SMA20_50_200,-7.966688738410085,0,2023-04-14T00:00:00.000Z,397.9967041015625,400.5344854544586,395.6808681891024,398.33443692050383,78161500,398.9713134765625,-0.0024428056406046172,-0.0024457941582073095,388.86454620205075,387.4401269534375,377.50067199621094,0.008465431360891992,0.13438455673084373,84825400,-2095880100,354.54653244269196,0.2053513737720266,393.5195761648901,389.5810194510714,3.9385567138186843,2.938114080339277,1.0004426334794072,62.67133021488597
2023-04-28T00:00:00.000Z,2023-05-19T00:00:00.000Z,SMA20_50_200,7.941213836034024,1,2023-04-28T00:00:00.000Z,401.3450012207031,401.3546599841194,397.00279811610284,397.0606918017015,89433100,397.9484558105469,0.008535139062766595,0.008498920703262204,396.4378433200976,387.7115032946484,379.1394927968985,0.007959321674073754,0.1263503145261927,75392155,-1954974100,354.97539488805035,0.28243134094962813,396.38763638215215,393.6456765438474,2.7419598383047514,3.0888453390317228,-0.34688550072697133,61.36644416433728
2023-05-23T00:00:00.000Z,2023-06-02T00:00:00.000Z,SMA20_50_200,8.049094475476522,1,2023-05-23T00:00:00.000Z,399.5695801,404.0372299202996,399.1739535415065,402.4547237738255,86383500,404.1047668457031,-0.01122279942675053,-0.011286250217227544,398.2422668457031,393.15145751803124,380.65207672025394,0.008899180932123107,0.1412701177113943,79336225,-2211689100,355.73255044118713,0.0739604913740563,400.05305378779576,397.8347097432022,2.2183440445935503,1.9989550649134342,0.21938897968011606,52.96019733744571
2023-06-06T00:00:00.000Z,2023-06-13T00:00:00.000Z,SMA20_50_200,8.234167896758436,1,2023-06-06T00:00:00.000Z,413.02069091796875,413.5513928288073,411.05221735044984,411.70839483792156,64022200,412.1233215332031,0.002177429273905629,0.002175062110382179,402.63706055078126,398.0213934317422,380.8033953849297,0.007385960044906115,0.11724848083368622,80009480,-1975853800,356.2266430612312,0.17150967826895608,406.45600724255917,402.51360353326237,3.942403709296798,2.867415518157034,1.0749881911397638,65.9849783189683
2023-06-15T00:00:00.000Z,2023-06-16T00:00:00.000Z,SMA20_50_200,8.420592364000015,1,2023-06-15T00:00:00.000Z,427.07977294921875,428.3341753075594,420.93314838794436,421.0296182,110303100,421.8498535,0.01239758507873634,0.012321364342976667,409.8658645661133,402.06774841252343,381.6849551385977,0.007182035732739121,0.1140112827360436,86544710,-1530612300,356.72201150758866,0.1950484631157756,415.8629568145593,409.47822001494103,6.384736799618281,4.856883262656583,1.5278535369616977,76.99774661004955
2023-06-21T00:00:00.000Z,2023-07-12T00:00:00.000Z,SMA20_50_200,8.44857938126188,1,2023-06-21T00:00:00.000Z,421.24737548828125,423.2328262923549,420.65656392245774,422.4289690630937,76982300,423.4168395996094,-0.005123707676292777,-0.005136878875982541,412.7515884418164,403.8056317133047,382.3672140497305,0.007499313559753049,0.11904791209680655,86824340,-1797920800,356.95404042797503,0.10161800059959501,418.74996902410544,412.3314475843018,6.418521439803612,5.695252386228242,0.7232690535753701,64.6441947905636
2023-07-14T00:00:00.000Z,2023-08-16T00:00:00.000Z,SMA20_50_200,-8.725963182830924,0,2023-07-14T00:00:00.000Z,435.13592529296875,437.15043046608764,434.3707875167091,436.29815914154455,69815800,435.4071044921875,-0.0006228175801932245,-0.0006230116116306331,426.1365463256836,413.17644104035156,386.81192901555085,0.006397095322641257,0.1015507400212996,77676000,-1541862000,357.9855096473779,0.13015696196039309,428.8522928039624,423.46427950411373,5.388013299848694,5.110410143625568,0.27760315622312604,70.90200264534883
2023-11-21T00:00:00.000Z,2023-12-12T00:00:00.000Z,SMA20_50_200,8.809227761467582,1,2023-11-21T00:00:00.000Z,440.5488586425781,441.384738,439.2756264779716,440.4613880733794,49244600,441.51104736328125,-0.002179308369404054,-0.002181686517662349,422.5072845474609,420.8103375257266,412.1730244444081,0.009314935728715225,0.14787002050038422,81917060,-1456824300,363.6437658757231,0.20951450215997475,432.29153117328343,426.0333665532579,6.258164620025525,3.858335813036884,2.399828806988641,70.32800615683027
2023-12-14T00:00:00.000Z,2024-01-19T00:00:00.000Z,SMA20_50_200,9.184782337990043,1,2023-12-14T00:00:00.000Z,458.76287841796875,460.4346071833905,456.0803293229431,459.2391168995005,119026000,457.2952575683594,0.0032093506882475697,0.0032042117145710367,444.8287506101953,428.72815490828907,416.7250152585389,0.004448012986806559,0.07061001714885468,70499395,-965818400,364.72927430535293,0.3488172388925099,448.55235727331245,441.45149492391556,7.100862349396891,6.3463877572587,0.754474592138191,79.78894132039133
2024-01-23T00:00:00.000Z,2024-02-02T00:00:00.000Z,SMA20_50_200,9.446668044000035,1,2024-01-23T00:00:00.000Z,473.1628723144531,473.4068411336017,471.2404266096584,472.3334022,49945300,471.7869873046875,0.002916326746581266,0.0029120825154424356,463.8808517435742,452.5073516841953,426.7317649838028,0.005810219865589872,0.0922343809617476,80698875,-846422600,366.9915604717309,0.20199334113287915,466.2507764728432,461.293537618371,4.957238854472223,4.707696931260599,0.24954192321162427,70.50130524776422
2024-02-06T00:00:00.000Z,2024-02-12T00:00:00.000Z,SMA20_50_200,9.632278843076733,1,2024-02-06T00:00:00.000Z,482.0628662109375,482.3946602218278,480.1794043465866,481.6139421538367,55918600,480.6673583984375,0.00290327143734026,0.0028990650843105327,472.02453918582034,461.0444421384844,430.759373474168,0.006922434104107035,0.10989023464019655,77561410,-720799600,367.96771251733765,0.2599332754250598,476.47857787071695,470.4102176977261,6.068360172990822,5.7494053735681545,0.31895479942266736,67.02989150240957
2024-02-14T00:00:00.000Z,2024-02-22T00:00:00.000Z,SMA20_50_200,9.696102367588935,1,2024-02-14T00:00:00.000Z,486.54217529296875,487.03011296285007,482.47276202236384,484.8051183794454,68387800,482.1604309082031,0.009087731186302683,0.009046686240123752,478.8829925554297,466.26485595684375,433.4687022400841,0.007741709376464175,0.12289582639596676,77651455,-635133800,368.51853908117295,0.2704408819395811,482.7265845066789,476.3396367066544,6.386947800024473,6.385812035601927,0.0011357644225453711,64.16067404765423
2024-02-26T00:00:00.000Z,2024-03-20T00:00:00.000Z,SMA20_50_200,9.920747620651468,1,2024-02-26T00:00:00.000Z,493.7831115722656,496.4765368105967,493.65624302388784,496.03738103257336,50386700,495.5982971191406,-0.0036626145760114692,-0.00366933837157959,485.1661560089844,472.4564373782422,436.7538533024396,0.008831270355435102,0.14019207072754966,72498680,-574089400,369.1265427345846,0.21914975495571684,488.59776039144134,482.32874654416617,6.2690138472751755,6.145751410171961,0.1232624371032145,65.5944452152981
2024-03-22T00:00:00.000Z,2024-04-12T00:00:00.000Z,SMA20_50_200,-10.221945786759534,0,2024-03-22T00:00:00.000Z,510.2163086,511.5867430006875,509.9813206475284,511.0972893379752,79070800,511.1854248046875,-0.00189582127670751,-0.0018976206203797769,500.9547988930664,487.7873431421485,446.09931304975396,0.005955503496651965,0.09454068710590015,70995160,-565061300,371.08078376441733,0.04629070762665881,504.36245921521953,498.32901570443636,6.033443510783172,5.773488618827615,0.259954891955557,67.93300314722066
2024-05-21T00:00:00.000Z,2024-05-31T00:00:00.000Z,SMA20_50_200,-10.36232274612513,0,2024-05-21T00:00:00.000Z,520.1522216796875,520.3088803,517.9105452430766,518.1161373062547,33437000,518.8796387,0.0024525590999791014,0.002449556485300887,505.6707595818945,503.99724365171875,461.3117031865666,0.0065894606220895215,0.10460444448061107,55047310,-631618700,374.77704478344066,0.20216181999737035,512.797783461528,507.2575298591859,5.540253602342034,3.698021220282088,1.842232382059946,70.45598991617092
2024-06-04T00:00:00.000Z,2024-06-11T00:00:00.000Z,SMA20_50_200,10.307111780326977,1,2024-06-04T00:00:00.000Z,517.244873,517.9888521983294,513.8872279798754,515.3555890163468,34632700,516.6672363,0.0011180052835100263,0.0011173807810244268,514.7192886311914,505.99644225861715,465.1593023683204,0.005035586767070332,0.079937461745735,48593010,-578972900,375.4352098011966,0.28044434810781943,515.4608549977988,511.7625816687277,3.698273329071128,4.190533250662182,-0.4922599215910539,59.15056374538336
2024-06-13T00:00:00.000Z,2024-07-05T00:00:00.000Z,SMA20_50_200,10.633870957434056,1,2024-06-13T00:00:00.000Z,531.0083008,531.869744,528.2086401164571,531.6935478717044,44760900,529.9412841796875,0.002013461966761554,0.0020114376689913714,520.1243164078126,508.2387255863125,468.6626734929473,0.005122209162252814,0.08131254963946465,46467135,-425313800,375.90750196967326,0.27605901646792363,523.2379247576686,517.7828707192506,5.455054038417984,4.700270648730292,0.7547833896876917,72.84152825525122
2024-07-09T00:00:00.000Z,2024-07-24T00:00:00.000Z,SMA20_50_200,-10.92567591625209,0,2024-07-09T00:00:00.000Z,545.8516845703125,547.1872793408481,545.5570769,546.2837958126063,27289700,545.3212280273438,0.0009727414149778291,0.0009722686086349882,535.5967773442187,521.088583373586,477.02649627740243,0.0034172923349218907,0.05424783405246341,45183345,-214408600,377.1112654286651,0.26728952078408363,539.2640541750635,532.7347908628705,6.529263312193052,6.124859823798922,0.4044034883941299,77.95435796492583
2024-08-01T00:00:00.000Z,2024-08-01T00:00:00.000Z,SMA20_50_200,-10.853199351808598,0,2024-08-01T00:00:00.000Z,533.2714233398438,544.9187063649712,529.7556118911635,542.6599675904316,76428700,540.9314575195312,-0.01416082217664505,-0.014262043338502306,542.1786895736328,533.1298791495781,487.5997238163712,0.009854761951488598,0.1564394961202824,50068585,-368621900,378.62159434574977,-0.2458375706867186,537.5261549395125,537.5937454100315,-0.0675904705190078,1.7078557810090136,-1.7754462515280214,46.071991750856284
2024-09-04T00:00:00.000Z,2024-09-13T00:00:00.000Z,SMA20_50_200,10.806649631875416,1,2024-09-04T00:00:00.000Z,541.0690307617188,544.4865997200234,539.6057626718821,540.3324815937721,47224900,542.1787719726562,-0.0020468178916335233,-0.0020489154861256472,540.711982722832,539.2030358857344,501.38053817713086,0.00991787460864277,0.15744137849274495,48105625,-241203000,380.6132478336123,0.21058398827399952,545.3056955339096,541.661374187922,3.644321345987578,3.8422123822668723,-0.1978910362792945,49.643370237515654
2024-09-17T00:00:00.000Z,2024-09-26T00:00:00.000Z,SMA20_50_200,11.099303608271384,1,2024-09-17T00:00:00.000Z,552.9716186523438,556.4186780878246,550.7324806,554.9651804135709,49321000,552.7457275390625,0.0004086709349830908,0.00040858745176054414,546.5184448181251,540.1839245574218,506.0248645013906,0.008540943859415513,0.13558328048266596,47137545,-24764900,381.3353216758116,0.14234344842510327,546.6290718430525,543.5760262853363,3.0530455577162456,2.326707745528692,0.7263378121875537,59.786484051916524
2024-09-30T00:00:00.000Z,2024-10-14T00:00:00.000Z,SMA20_50_200,11.238159904712347,1,2024-09-30T00:00:00.000Z,565.1981811523438,565.8089245059994,559.6029471264981,561.9079952356186,63557400,562.9423217773438,0.0040072655540939195,0.003999257851016601,551.4817565899218,542.5966455043125,511.2098904413633,0.008584080808499945,0.13626805832023872,52249415,36289100,382.22514115719787,0.16207338414903477,558.7355634765812,552.5841106401623,6.151452836418912,5.131062579343926,1.020390257074986,66.50241222357678
2024-10-16T00:00:00.000Z,2024-11-04T00:00:00.000Z,SMA20_50_200,-11.422568473791216,0,2024-10-16T00:00:00.000Z,573.6107788085938,574.1328988912752,570.3206527,571.1284236895626,30725400,571.1282958984375,0.004346629168934912,0.004337209861329735,564.6723358160547,551.1237103248984,517.5039839167832,0.006639759006586109,0.10540290658096872,48177210,40025800,383.1889376477463,0.2536102235312732,567.6720348232512,561.6566277029617,6.015407120289524,5.521957479278369,0.4934496410111544,64.3371641916559
2024-11-06T00:00:00.000Z,2024-11-26T00:00:00.000Z,SMA20_50_200,11.608156550150511,1,2024-11-06T00:00:00.000Z,582.2203369140625,583.0970705492409,576.6546836514896,580.4078275075276,68182000,568.0943603515625,0.02486554619862491,0.02456142954588622,570.956436151914,560.7142529261874,525.5197540275391,0.008746726778429071,0.13884998304931487,42389290,66177500,384.3787275064633,0.0010162774570790147,569.769243908018,567.4820238003439,2.287220107674102,2.799630464101664,-0.5124103564275617,64.8183212014782
2024-11-29T00:00:00.000Z,2024-12-18T00:00:00.000Z,SMA20_50_200,-11.814232876884148,0,2024-11-29T00:00:00.000Z,593.5585327148438,594.3465828189082,590.4358533637491,590.7116438442056,30177400,589.8941040039062,0.006212011081421442,0.006192796075412505,582.7734436028907,573.4872094705312,533.9417779530547,0.007488995647926749,0.11888412032435526,45088030,392594900,385.7827231992509,0.2237301205231313,586.532640250185,581.1988845554927,5.333755694692286,4.87367626017229,0.46007943451999633,66.48959459717736
2024-12-26T00:00:00.000Z,2024-12-30T00:00:00.000Z,SMA20_50_200,-11.850833633177103,0,2024-12-26T00:00:00.000Z,594.3603516,595.4870738828115,591.1381803052061,592.5416816588521,41219100,594.3208008,0.00006654789794779958,0.00006654568373467255,592.746313479375,583.734755858125,542.7271643054064,0.008719146685720854,0.13841216265066258,47254675,437251600,387.5393346113128,-0.04666419452363024,590.4364904294309,589.0128652848033,1.4236251446276356,2.35558941678196,-0.9319642721543246,56.04826158121475
2025-01-07T00:00:00.000Z,2025-01-08T00:00:00.000Z,SMA20_50_200,-11.809717347672517,0,2025-01-07T00:00:00.000Z,581.7979125976562,590.8120540414599,579.9694092503468,590.4858673836275,60393100,588.4497680664062,-0.011304032781944029,-0.011368408960579725,588.4484252920313,585.1211560059844,545.473501432717,0.009970785738293192,0.1582813166366,54711890,233621600,388.253186475984,-0.13379334800592413,585.470752710074,586.5771827705324,-1.1064300604584787,-0.07191769582397657,-1.034512364634502,45.51470929315992
2025-02-05T00:00:00.000Z,2025-02-19T00:00:00.000Z,SMA20_50_200,11.87336888599998,1,2025-02-05T00:00:00.000Z,597.2068481445312,597.3551312,591.6323569254649,593.6684443,30653100,594.7952270507812,0.004054540090558056,0.004046342593468234,590.452713014414,590.3174572757031,553.7069505296621,0.008590919902378381,0.13637662556981092,49484890,380942300,390.05377482066814,0.22527091226493298,594.1868056805603,591.6015441090518,2.585261571508454,2.364862518886815,0.22039905262163906,55.631626116254516
2025-02-21T00:00:00.000Z,2025-02-24T00:00:00.000Z,SMA20_50_200,-12.061558221754808,0,2025-02-21T00:00:00.000Z,592.9765625,603.2163006,592.5119863702242,603.0779110877393,76519800,603.2954102,-0.01710413758423779,-0.017252102986261633,597.9323700007423,591.8706311047031,559.5464239490703,0.007407381232930747,0.11758853165149061,42439995,335651800,390.9076301625343,0.25508932266011186,599.2485382918093,596.4224703888477,2.8260679029615403,3.0663700475557563,-0.24030214459421595,46.59382093701485
2025-06-30T00:00:00.000Z,2025-07-21T00:00:00.000Z,SMA20_50_200,12.277183730292109,1,2025-06-30T00:00:00.000Z,614.3264770507812,615.6886593072754,611.5325044540273,613.8591865146053,92502500,611.4032592773438,0.004781161580480697,0.004769768128973852,597.0490997270703,576.503828121875,574.8746820063046,0.0062619566932742565,0.09940548078636031,74770510,836367600,401.50920086975145,0.11909763958135397,602.1053227659687,593.6013114014253,8.50401136454343,7.6533880833616665,0.8506232811817638,71.82745566180063
2025-07-23T00:00:00.000Z,2025-08-13T00:00:00.000Z,SMA20_50_200,12.558966726994527,1,2025-07-23T00:00:00.000Z,630.5932006835938,630.5932006835938,626.1387083,627.9483363497261,70511000,625.2737426757812,0.008507406668075479,0.008471422627178921,618.8674743621094,600.8528381328906,579.9680200192656,0.004305838433312224,0.06835306608100872,68591245,1073811800,403.56416216490874,0.32303397673906076,622.2682934973496,614.0203170148242,8.247976482525473,8.521184825598475,-0.27320834307300146,74.12415174566735
2025-08-15T00:00:00.000Z,2025-08-20T00:00:00.000Z,SMA20_50_200,-12.846120289506644,0,2025-08-15T00:00:00.000Z,639.7705688476562,642.4054806038605,638.8558324502803,642.3060144753327,68592500,641.2719727,-0.0023412903046772238,-0.002344035410385893,631.2325500502344,617.0968334955312,585.2636389163749,0.0067448535376025765,0.10707123054030396,70842805,878789400,406.01406714635107,0.04418661454148954,634.3540227031987,628.1076453921467,6.246377311052015,5.9044246069701325,0.3419527040818826,65.66252787187972
2025-08-22T00:00:00.000Z,2025-09-05T00:00:00.000Z,SMA20_50_200,12.682460237788064,1,2025-08-22T00:00:00.000Z,641.6299438476562,642.8131599802851,633.6159105915494,634.1230118894028,84083200,631.9255981445312,0.015356785247534033,0.015240063286831808,633.1575103767578,621.3643945308125,586.9863372808046,0.007547217282816014,0.11980836012539883,71804310,705620900,406.7042078497559,0.06163276250994674,635.7547902115263,630.8762728407096,4.878517370816667,5.444120412554195,-0.5656030417375284,63.29723370115234
2025-09-09T00:00:00.000Z,2025-09-18T00:00:00.000Z,SMA20_50_200,12.905379732423967,1,2025-09-09T00:00:00.000Z,646.6212768554688,647.1482228,643.5289666240282,645.2689866211995,66133900,645.1298828,0.002311773326939548,0.002309105290121695,640.6162323051173,630.9710522482187,590.3495532233907,0.005881441696503796,0.0933649924768492,65689335,839411300,408.18113800551816,0.3408385490965967,642.1481742382332,637.7278288352979,4.420345402935254,4.5313763598987435,-0.1110309569634893,61.8398847851115
2025-09-22T00:00:00.000Z,2025-10-24T00:00:00.000Z,SMA20_50_200,13.204980441777366,1,2025-09-22T00:00:00.000Z,664.8753662109375,665.3239917254978,660.2190812650523,660.2490220888672,69452200,661.7446289,0.004731035469289324,0.004719879293986574,648.8578979503125,637.8917309599688,593.4342642218945,0.004460609712467314,0.07080998396944706,71260390,1073108300,409.70015636301594,0.31911801002822476,654.8105878936426,647.6034659512259,7.207121942416734,6.13204420548007,1.075077736936664,74.79516819458739
2025-10-28T00:00:00.000Z,2025-11-06T00:00:00.000Z,SMA20_50_200,-13.70051572653847,0,2025-10-28T00:00:00.000Z,685.0357666015625,686.8802917495992,682.8123561492805,685.0257863269245,61738100,683.2211303710938,0.0026560013292959983,0.002652480390799007,667.6307128895312,656.7258337414844,603.432962036961,0.00883355994872867,0.1402284168942992,76632905,1186129600,414.05442941276465,0.08712642366633978,671.728493500238,665.832872448013,5.89562105222501,4.385078525649666,1.5105425265753443,68.89320065944526
2025-11-11T00:00:00.000Z,2025-11-14T00:00:00.000Z,SMA20_50_200,-13.558934601495935,0,2025-11-11T00:00:00.000Z,680.9877319335938,681.5560598909952,676.7302928180768,677.9467300747958,58953400,679.432373,0.0022892034518846582,0.00228658721763017,673.6623962366406,664.3363452145937,607.7745114141993,0.007557030463703544,0.11996413954259222,76541875,1486258800,415.787658597208,0.14278104884137846,675.5965235848947,671.6824260977971,3.9140974870975924,4.511113616665622,-0.5970161295680292,58.93523115637616
2025-11-26T00:00:00.000Z,2025-12-24T00:00:00.000Z,SMA20_50_200,13.512672061094463,1,2025-11-26T00:00:00.000Z,677.6775512695312,679.6916195137131,674.7262499751725,675.6336030547216,71879600,673.03125,0.006903544626688962,0.00687982426960381,670.7425292926562,668.0052917463595,611.6337911989649,0.009677557015766648,0.15362645497420163,88947810,1430103500,418.05732866092217,-0.02990612019265449,668.1134578577002,668.5718299211298,-0.4583720634296924,-0.36252707645524296,-0.09584498697444943,56.83944379404667
